# Made in Blockbench 5.1.5
mtllib Track1.mtl

o mesh.col
v 13.75 0.3125 17.75
v 13.75 0.3125 -13.5
v 13.75 0.1875 17.75
v 13.75 0.1875 -13.5
v -17.5 0.3125 17.75
v -17.5 0.3125 -13.5
v -17.5 0.1875 17.75
v -17.5 0.1875 -13.5
vt 0.9775390625 1
vt 0.4892578125 1
vt 0.4892578125 0.998046875
vt 0.9775390625 0.998046875
vt 0.9775390625 0.9951171875
vt 0.9775390625 0.9970703125
vt 0.4892578125 0.9970703125
vt 0.4892578125 0.9951171875
vt 0 0.51171875
vt 0.48828125 0.51171875
vt 0.48828125 1
vt 0 1
vt 0.48828125 0.0224609375
vt 0.48828125 0.5107421875
vt 0 0.5107421875
vt 0 0.0224609375
vt 0.9775390625 0.9921875
vt 0.9775390625 0.994140625
vt 0.4892578125 0.994140625
vt 0.4892578125 0.9921875
vt 0.9775390625 0.9912109375
vt 0.4892578125 0.9912109375
vt 0.4892578125 0.9892578125
vt 0.9775390625 0.9892578125
vn 1 0 0
vn -1 0 0
vn 0 1 0
vn 0 -1 0
vn 0 0 1
vn 0 0 -1
usemtl m_b4e3ae2a-c1fb-444f-0dda-d0a0b009a40f
f 2/1/1 1/2/1 3/3/1 4/4/1
f 7/5/2 5/6/2 6/7/2 8/8/2
f 5/9/3 1/10/3 2/11/3 6/12/3
f 4/13/4 3/14/4 7/15/4 8/16/4
f 3/17/5 1/18/5 5/19/5 7/20/5
f 6/21/6 2/22/6 4/23/6 8/24/6
o mesh.col
v 0.625 0.5561686519007916 3.125
v 0.625 0.5561686519007916 0
v 0.625 -0.05606175244065653 3.125
v 0.625 -0.05606175244065653 0
v 0.375 0.5561686519007916 3.125
v 0.375 0.5561686519007916 0
v 0.375 -0.05606175244065653 3.125
v 0.375 -0.05606175244065653 0
v 0.625 0.5561686519007916 6.25
v 0.625 0.5561686519007916 3.125
v 0.625 -0.05606175244065653 6.25
v 0.625 -0.05606175244065653 3.125
v 0.375 0.5561686519007916 6.25
v 0.375 0.5561686519007916 3.125
v 0.375 -0.05606175244065653 6.25
v 0.375 -0.05606175244065653 3.125
v 2.7557425 0.5561686519007916 8.39146625
v 0.54603375 0.5561686519007916 6.1817575
v 2.7557425 -0.05606175244065653 8.39146625
v 0.54603375 -0.05606175244065653 6.1817575
v 2.57896625 0.5561686519007916 8.5682425
v 0.3692575 0.5561686519007916 6.35853375
v 2.57896625 -0.05606175244065653 8.5682425
v 0.3692575 -0.05606175244065653 6.35853375
v 4.9432425 0.5561686519007916 10.57896625
v 2.73353375 0.5561686519007916 8.3692575
v 4.9432425 -0.05606175244065653 10.57896625
v 2.73353375 -0.05606175244065653 8.3692575
v 4.76646625 0.5561686519007916 10.7557425
v 2.5567575 0.5561686519007916 8.54603375
v 4.76646625 -0.05606175244065653 10.7557425
v 2.5567575 -0.05606175244065653 8.54603375
v 5.6307425 0.5561686519007916 7.39146625
v 3.42103375 0.5561686519007916 5.1817575
v 5.6307425 -0.05606175244065653 7.39146625
v 3.42103375 -0.05606175244065653 5.1817575
v 5.45396625 0.5561686519007916 7.5682425
v 3.2442575 0.5561686519007916 5.358533749999999
v 5.45396625 -0.05606175244065653 7.5682425
v 3.2442575 -0.05606175244065653 5.358533749999999
v 3.5 0.5561686519007916 5.25
v 3.5 0.5561686519007916 2.125
v 3.5 -0.05606175244065653 5.25
v 3.5 -0.05606175244065653 2.125
v 3.25 0.5561686519007916 5.25
v 3.25 0.5561686519007916 2.125
v 3.25 -0.05606175244065653 5.25
v 3.25 -0.05606175244065653 2.125
v 3.5 0.5561686519007916 2.125
v 3.5 0.5561686519007916 -1
v 3.5 -0.05606175244065653 2.125
v 3.5 -0.05606175244065653 -1
v 3.25 0.5561686519007916 2.125
v 3.25 0.5561686519007916 -1
v 3.25 -0.05606175244065653 2.125
v 3.25 -0.05606175244065653 -1
v 3.5 0.5561686519007916 -4.125
v 0.375 0.5561686519007916 -4.125
v 3.5 -0.05606175244065653 -4.125
v 0.375 -0.05606175244065653 -4.125
v 3.5 0.5561686519007916 -3.875
v 0.375 0.5561686519007916 -3.875
v 3.5 -0.05606175244065653 -3.875
v 0.375 -0.05606175244065653 -3.875
v 7.875 0.5561686519007916 13.6875
v 4.75 0.5561686519007916 13.6875
v 7.875 -0.05606175244065653 13.6875
v 4.75 -0.05606175244065653 13.6875
v 7.875 0.5561686519007916 13.9375
v 4.75 0.5561686519007916 13.9375
v 7.875 -0.05606175244065653 13.9375
v 4.75 -0.05606175244065653 13.9375
v 0.375 0.5561686519007916 -4.125
v -2.75 0.5561686519007916 -4.125
v 0.375 -0.05606175244065653 -4.125
v -2.75 -0.05606175244065653 -4.125
v 0.375 0.5561686519007916 -3.875
v -2.75 0.5561686519007916 -3.875
v 0.375 -0.05606175244065653 -3.875
v -2.75 -0.05606175244065653 -3.875
v -2.75 0.5561686519007916 -1
v -2.75 0.5561686519007916 -4.125
v -2.75 -0.05606175244065653 -1
v -2.75 -0.05606175244065653 -4.125
v -3 0.5561686519007916 -1
v -3 0.5561686519007916 -4.125
v -3 -0.05606175244065653 -1
v -3 -0.05606175244065653 -4.125
v -2.75 0.5561686519007916 2.0625
v -2.75 0.5561686519007916 -1.0625
v -2.75 -0.05606175244065653 2.0625
v -2.75 -0.05606175244065653 -1.0625
v -3 0.5561686519007916 2.0625
v -3 0.5561686519007916 -1.0625
v -3 -0.05606175244065653 2.0625
v -3 -0.05606175244065653 -1.0625
v -2.75 0.5561686519007916 5.125
v -2.75 0.5561686519007916 2
v -2.75 -0.05606175244065653 5.125
v -2.75 -0.05606175244065653 2
v -3 0.5561686519007916 5.125
v -3 0.5561686519007916 2
v -3 -0.05606175244065653 5.125
v -3 -0.05606175244065653 2
v -2.75 0.5561686519007916 8.1875
v -2.75 0.5561686519007916 5.0625
v -2.75 -0.05606175244065653 8.1875
v -2.75 -0.05606175244065653 5.0625
v -3 0.5561686519007916 8.1875
v -3 0.5561686519007916 5.0625
v -3 -0.05606175244065653 8.1875
v -3 -0.05606175244065653 5.0625
v -0.6817575 0.5561686519007916 10.07896625
v -2.89146625 0.5561686519007916 7.8692575
v -0.6817575 -0.05606175244065653 10.07896625
v -2.89146625 -0.05606175244065653 7.8692575
v -0.8585337500000001 0.5561686519007916 10.2557425
v -3.0682425 0.5561686519007916 8.04603375
v -0.8585337500000001 -0.05606175244065653 10.2557425
v -3.0682425 -0.05606175244065653 8.04603375
v 4.9375 0.5561686519007916 13.6875
v 4.9375 0.5561686519007916 10.5625
v 4.9375 -0.05606175244065653 13.6875
v 4.9375 -0.05606175244065653 10.5625
v 4.6875 0.5561686519007916 13.6875
v 4.6875 0.5561686519007916 10.5625
v 4.6875 -0.05606175244065653 13.6875
v 4.6875 -0.05606175244065653 10.5625
v 4.9375 0.5561686519007916 13.6875
v 1.8125 0.5561686519007916 13.6875
v 4.9375 -0.05606175244065653 13.6875
v 1.8125 -0.05606175244065653 13.6875
v 4.9375 0.5561686519007916 13.9375
v 1.8125 0.5561686519007916 13.9375
v 4.9375 -0.05606175244065653 13.9375
v 1.8125 -0.05606175244065653 13.9375
v 1.8125 0.5561686519007916 13.6875
v -1.3125 0.5561686519007916 13.6875
v 1.8125 -0.05606175244065653 13.6875
v -1.3125 -0.05606175244065653 13.6875
v 1.8125 0.5561686519007916 13.9375
v -1.3125 0.5561686519007916 13.9375
v 1.8125 -0.05606175244065653 13.9375
v -1.3125 -0.05606175244065653 13.9375
v -1.3125 0.5561686519007916 13.6875
v -4.4375 0.5561686519007916 13.6875
v -1.3125 -0.05606175244065653 13.6875
v -4.4375 -0.05606175244065653 13.6875
v -1.3125 0.5561686519007916 13.9375
v -4.4375 0.5561686519007916 13.9375
v -1.3125 -0.05606175244065653 13.9375
v -4.4375 -0.05606175244065653 13.9375
v -4.375 0.5561686519007916 13.6875
v -7.5 0.5561686519007916 13.6875
v -4.375 -0.05606175244065653 13.6875
v -7.5 -0.05606175244065653 13.6875
v -4.375 0.5561686519007916 13.9375
v -7.5 0.5561686519007916 13.9375
v -4.375 -0.05606175244065653 13.9375
v -7.5 -0.05606175244065653 13.9375
v -7.5 0.5561686519007916 13.6875
v -10.625 0.5561686519007916 13.6875
v -7.5 -0.05606175244065653 13.6875
v -10.625 -0.05606175244065653 13.6875
v -7.5 0.5561686519007916 13.9375
v -10.625 0.5561686519007916 13.9375
v -7.5 -0.05606175244065653 13.9375
v -10.625 -0.05606175244065653 13.9375
v -6.25 0.5561686519007916 8.1875
v -6.25 0.5561686519007916 5.0625
v -6.25 -0.05606175244065653 8.1875
v -6.25 -0.05606175244065653 5.0625
v -6.5 0.5561686519007916 8.1875
v -6.5 0.5561686519007916 5.0625
v -6.5 -0.05606175244065653 8.1875
v -6.5 -0.05606175244065653 5.0625
v -6.25 0.5561686519007916 5.125
v -6.25 0.5561686519007916 2
v -6.25 -0.05606175244065653 5.125
v -6.25 -0.05606175244065653 2
v -6.5 0.5561686519007916 5.125
v -6.5 0.5561686519007916 2
v -6.5 -0.05606175244065653 5.125
v -6.5 -0.05606175244065653 2
v -6.25 0.5561686519007916 2.0625
v -6.25 0.5561686519007916 -1.0625
v -6.25 -0.05606175244065653 2.0625
v -6.25 -0.05606175244065653 -1.0625
v -6.5 0.5561686519007916 2.0625
v -6.5 0.5561686519007916 -1.0625
v -6.5 -0.05606175244065653 2.0625
v -6.5 -0.05606175244065653 -1.0625
v -6.25 0.5561686519007916 -0.9375
v -6.25 0.5561686519007916 -4.0625
v -6.25 -0.05606175244065653 -0.9375
v -6.25 -0.05606175244065653 -4.0625
v -6.5 0.5561686519007916 -0.9375
v -6.5 0.5561686519007916 -4.0625
v -6.5 -0.05606175244065653 -0.9375
v -6.5 -0.05606175244065653 -4.0625
v -6.25 0.5561686519007916 -3.625
v -6.25 0.5561686519007916 -6.75
v -6.25 -0.05606175244065653 -3.625
v -6.25 -0.05606175244065653 -6.75
v -6.5 0.5561686519007916 -3.625
v -6.5 0.5561686519007916 -6.75
v -6.5 -0.05606175244065653 -3.625
v -6.5 -0.05606175244065653 -6.75
v -6.25 0.5561686519007916 11.3125
v -6.25 0.5561686519007916 8.1875
v -6.25 -0.05606175244065653 11.3125
v -6.25 -0.05606175244065653 8.1875
v -6.5 0.5561686519007916 11.3125
v -6.5 0.5561686519007916 8.1875
v -6.5 -0.05606175244065653 11.3125
v -6.5 -0.05606175244065653 8.1875
v -6.25 0.5561686519007916 -6.5
v -6.25 0.5561686519007916 -9.625
v -6.25 -0.05606175244065653 -6.5
v -6.25 -0.05606175244065653 -9.625
v -6.5 0.5561686519007916 -6.5
v -6.5 0.5561686519007916 -9.625
v -6.5 -0.05606175244065653 -6.5
v -6.5 -0.05606175244065653 -9.625
v -6.25 0.5561686519007916 -9.5
v -6.25 0.5561686519007916 -12.625
v -6.25 -0.05606175244065653 -9.5
v -6.25 -0.05606175244065653 -12.625
v -6.5 0.5561686519007916 -9.5
v -6.5 0.5561686519007916 -12.625
v -6.5 -0.05606175244065653 -9.5
v -6.5 -0.05606175244065653 -12.625
v -10.3125 0.5561686519007916 10.625
v -10.3125 0.5561686519007916 7.5
v -10.3125 -0.05606175244065653 10.625
v -10.3125 -0.05606175244065653 7.5
v -10.5625 0.5561686519007916 10.625
v -10.5625 0.5561686519007916 7.5
v -10.5625 -0.05606175244065653 10.625
v -10.5625 -0.05606175244065653 7.5
v -10.3125 0.5561686519007916 7.5625
v -10.3125 0.5561686519007916 4.4375
v -10.3125 -0.05606175244065653 7.5625
v -10.3125 -0.05606175244065653 4.4375
v -10.5625 0.5561686519007916 7.5625
v -10.5625 0.5561686519007916 4.4375
v -10.5625 -0.05606175244065653 7.5625
v -10.5625 -0.05606175244065653 4.4375
v -10.3125 0.5561686519007916 4.5
v -10.3125 0.5561686519007916 1.375
v -10.3125 -0.05606175244065653 4.5
v -10.3125 -0.05606175244065653 1.375
v -10.5625 0.5561686519007916 4.5
v -10.5625 0.5561686519007916 1.375
v -10.5625 -0.05606175244065653 4.5
v -10.5625 -0.05606175244065653 1.375
v -10.3125 0.5561686519007916 13.75
v -10.3125 0.5561686519007916 10.625
v -10.3125 -0.05606175244065653 13.75
v -10.3125 -0.05606175244065653 10.625
v -10.5625 0.5561686519007916 13.75
v -10.5625 0.5561686519007916 10.625
v -10.5625 -0.05606175244065653 13.75
v -10.5625 -0.05606175244065653 10.625
v -10.3125 0.5561686519007916 1.4375
v -10.3125 0.5561686519007916 -1.6875
v -10.3125 -0.05606175244065653 1.4375
v -10.3125 -0.05606175244065653 -1.6875
v -10.5625 0.5561686519007916 1.4375
v -10.5625 0.5561686519007916 -1.6875
v -10.5625 -0.05606175244065653 1.4375
v -10.5625 -0.05606175244065653 -1.6875
v -14 0.5561686519007916 1.4375
v -14 0.5561686519007916 -1.6875
v -14 -0.05606175244065653 1.4375
v -14 -0.05606175244065653 -1.6875
v -14.25 0.5561686519007916 1.4375
v -14.25 0.5561686519007916 -1.6875
v -14.25 -0.05606175244065653 1.4375
v -14.25 -0.05606175244065653 -1.6875
v -14 0.5561686519007916 4.5
v -14 0.5561686519007916 1.375
v -14 -0.05606175244065653 4.5
v -14 -0.05606175244065653 1.375
v -14.25 0.5561686519007916 4.5
v -14.25 0.5561686519007916 1.375
v -14.25 -0.05606175244065653 4.5
v -14.25 -0.05606175244065653 1.375
v -14 0.5561686519007916 7.5625
v -14 0.5561686519007916 4.4375
v -14 -0.05606175244065653 7.5625
v -14 -0.05606175244065653 4.4375
v -14.25 0.5561686519007916 7.5625
v -14.25 0.5561686519007916 4.4375
v -14.25 -0.05606175244065653 7.5625
v -14.25 -0.05606175244065653 4.4375
v -14 0.5561686519007916 10.625
v -14 0.5561686519007916 7.5
v -14 -0.05606175244065653 10.625
v -14 -0.05606175244065653 7.5
v -14.25 0.5561686519007916 10.625
v -14.25 0.5561686519007916 7.5
v -14.25 -0.05606175244065653 10.625
v -14.25 -0.05606175244065653 7.5
v -14 0.5561686519007916 13.75
v -14 0.5561686519007916 10.625
v -14 -0.05606175244065653 13.75
v -14 -0.05606175244065653 10.625
v -14.25 0.5561686519007916 13.75
v -14.25 0.5561686519007916 10.625
v -14.25 -0.05606175244065653 13.75
v -14.25 -0.05606175244065653 10.625
v 7.9375 0.5561686519007916 14
v 7.9375 0.5561686519007916 10.875
v 7.9375 -0.05606175244065653 14
v 7.9375 -0.05606175244065653 10.875
v 7.6875 0.5561686519007916 14
v 7.6875 0.5561686519007916 10.875
v 7.6875 -0.05606175244065653 14
v 7.6875 -0.05606175244065653 10.875
v 7.9375 0.5561686519007916 10.9375
v 7.9375 0.5561686519007916 7.8125
v 7.9375 -0.05606175244065653 10.9375
v 7.9375 -0.05606175244065653 7.8125
v 7.6875 0.5561686519007916 10.9375
v 7.6875 0.5561686519007916 7.8125
v 7.6875 -0.05606175244065653 10.9375
v 7.6875 -0.05606175244065653 7.8125
v 7.9375 0.5561686519007916 7.875
v 7.9375 0.5561686519007916 4.75
v 7.9375 -0.05606175244065653 7.875
v 7.9375 -0.05606175244065653 4.75
v 7.6875 0.5561686519007916 7.875
v 7.6875 0.5561686519007916 4.75
v 7.6875 -0.05606175244065653 7.875
v 7.6875 -0.05606175244065653 4.75
v 7.9375 0.5561686519007916 4.8125
v 7.9375 0.5561686519007916 1.6875
v 7.9375 -0.05606175244065653 4.8125
v 7.9375 -0.05606175244065653 1.6875
v 7.6875 0.5561686519007916 4.8125
v 7.6875 0.5561686519007916 1.6875
v 7.6875 -0.05606175244065653 4.8125
v 7.6875 -0.05606175244065653 1.6875
v -14.02192875 0.5622618749999999 -7.75
v -14.02192875 0.5622618749999999 -10.875
v -14.00011875 -0.04938537988131303 -7.75
v -14.00011875 -0.04938537988131303 -10.875
v -14.271690625 0.5489098951693183 -7.75
v -14.271690625 0.5489098951693183 -10.875
v -14.24988125 -0.06273812500000003 -7.75
v -14.24988125 -0.06273812500000003 -10.875
v -14.02192875 0.5622618749999999 -4.6875
v -14.02192875 0.5622618749999999 -7.8125
v -14.00011875 -0.04938537988131303 -4.6875
v -14.00011875 -0.04938537988131303 -7.8125
v -14.271690625 0.5489098951693183 -4.6875
v -14.271690625 0.5489098951693183 -7.8125
v -14.24988125 -0.06273812500000003 -4.6875
v -14.24988125 -0.06273812500000003 -7.8125
v -14.02192875 0.5622618749999999 -1.625
v -14.02192875 0.5622618749999999 -4.75
v -14.00011875 -0.04938537988131303 -1.625
v -14.00011875 -0.04938537988131303 -4.75
v -14.271690625 0.5489098951693183 -1.625
v -14.271690625 0.5489098951693183 -4.75
v -14.24988125 -0.06273812500000003 -1.625
v -14.24988125 -0.06273812500000003 -4.75
v -14.02192875 0.5622618749999999 16.625
v -14.02192875 0.5622618749999999 13.5
v -14.00011875 -0.04938537988131303 16.625
v -14.00011875 -0.04938537988131303 13.5
v -14.271690625 0.5489098951693183 16.625
v -14.271690625 0.5489098951693183 13.5
v -14.24988125 -0.06273812500000003 16.625
v -14.24988125 -0.06273812500000003 13.5
v 11.29057125 0.5622618749999999 -7.75
v 11.29057125 0.5622618749999999 -10.875
v 11.31238125 -0.04938537988131303 -7.75
v 11.31238125 -0.04938537988131303 -10.875
v 11.040809375 0.5489098951693183 -7.75
v 11.040809375 0.5489098951693183 -10.875
v 11.06261875 -0.06273812500000003 -7.75
v 11.06261875 -0.06273812500000003 -10.875
v 11.29057125 0.5622618749999999 -1.625
v 11.29057125 0.5622618749999999 -4.75
v 11.31238125 -0.04938537988131303 -1.625
v 11.31238125 -0.04938537988131303 -4.75
v 11.040809375 0.5489098951693183 -1.625
v 11.040809375 0.5489098951693183 -4.75
v 11.06261875 -0.06273812500000003 -1.625
v 11.06261875 -0.06273812500000003 -4.75
v 11.29057125 0.5622618749999999 -4.6875
v 11.29057125 0.5622618749999999 -7.8125
v 11.31238125 -0.04938537988131303 -4.6875
v 11.31238125 -0.04938537988131303 -7.8125
v 11.040809375 0.5489098951693183 -4.6875
v 11.040809375 0.5489098951693183 -7.8125
v 11.06261875 -0.06273812500000003 -4.6875
v 11.06261875 -0.06273812500000003 -7.8125
v 11.3125 0.5561686519007916 1.4375
v 11.3125 0.5561686519007916 -1.6875
v 11.3125 -0.05606175244065653 1.4375
v 11.3125 -0.05606175244065653 -1.6875
v 11.0625 0.5561686519007916 1.4375
v 11.0625 0.5561686519007916 -1.6875
v 11.0625 -0.05606175244065653 1.4375
v 11.0625 -0.05606175244065653 -1.6875
v 11.3125 0.5561686519007916 4.5
v 11.3125 0.5561686519007916 1.375
v 11.3125 -0.05606175244065653 4.5
v 11.3125 -0.05606175244065653 1.375
v 11.0625 0.5561686519007916 4.5
v 11.0625 0.5561686519007916 1.375
v 11.0625 -0.05606175244065653 4.5
v 11.0625 -0.05606175244065653 1.375
v 11.3125 0.5561686519007916 7.5625
v 11.3125 0.5561686519007916 4.4375
v 11.3125 -0.05606175244065653 7.5625
v 11.3125 -0.05606175244065653 4.4375
v 11.0625 0.5561686519007916 7.5625
v 11.0625 0.5561686519007916 4.4375
v 11.0625 -0.05606175244065653 7.5625
v 11.0625 -0.05606175244065653 4.4375
v 11.3125 0.5561686519007916 10.625
v 11.3125 0.5561686519007916 7.5
v 11.3125 -0.05606175244065653 10.625
v 11.3125 -0.05606175244065653 7.5
v 11.0625 0.5561686519007916 10.625
v 11.0625 0.5561686519007916 7.5
v 11.0625 -0.05606175244065653 10.625
v 11.0625 -0.05606175244065653 7.5
v 11.3125 0.5561686519007916 13.75
v 11.3125 0.5561686519007916 10.625
v 11.3125 -0.05606175244065653 13.75
v 11.3125 -0.05606175244065653 10.625
v 11.0625 0.5561686519007916 13.75
v 11.0625 0.5561686519007916 10.625
v 11.0625 -0.05606175244065653 13.75
v 11.0625 -0.05606175244065653 10.625
v 11.29057125 0.5622618749999999 16.625
v 11.29057125 0.5622618749999999 13.5
v 11.31238125 -0.04938537988131303 16.625
v 11.31238125 -0.04938537988131303 13.5
v 11.040809375 0.5489098951693183 16.625
v 11.040809375 0.5489098951693183 13.5
v 11.06261875 -0.06273812500000003 16.625
v 11.06261875 -0.06273812500000003 13.5
v -11.125 0.5622618749999999 16.64692875
v -14.25 0.5622618749999999 16.64692875
v -11.125 -0.04938537988131303 16.62511875
v -14.25 -0.04938537988131303 16.62511875
v -11.125 0.5489098951693183 16.896690624999998
v -14.25 0.5489098951693183 16.896690624999998
v -11.125 -0.06273812500000003 16.87488125
v -14.25 -0.06273812500000003 16.87488125
v -8.125 0.5622618749999999 16.64692875
v -11.25 0.5622618749999999 16.64692875
v -8.125 -0.04938537988131303 16.62511875
v -11.25 -0.04938537988131303 16.62511875
v -8.125 0.5489098951693183 16.896690624999998
v -11.25 0.5489098951693183 16.896690624999998
v -8.125 -0.06273812500000003 16.87488125
v -11.25 -0.06273812500000003 16.87488125
v -5.0625 0.5622618749999999 16.64692875
v -8.1875 0.5622618749999999 16.64692875
v -5.0625 -0.04938537988131303 16.62511875
v -8.1875 -0.04938537988131303 16.62511875
v -5.0625 0.5489098951693183 16.896690624999998
v -8.1875 0.5489098951693183 16.896690624999998
v -5.0625 -0.06273812500000003 16.87488125
v -8.1875 -0.06273812500000003 16.87488125
v -9.3125 0.5622618749999999 -4.29057125
v -12.4375 0.5622618749999999 -4.29057125
v -9.3125 -0.04938537988131303 -4.31238125
v -12.4375 -0.04938537988131303 -4.31238125
v -9.3125 0.5489098951693183 -4.040809375
v -12.4375 0.5489098951693183 -4.040809375
v -9.3125 -0.06273812500000003 -4.06261875
v -12.4375 -0.06273812500000003 -4.06261875
v -6.375 0.5622618749999999 -4.29057125
v -9.5 0.5622618749999999 -4.29057125
v -6.375 -0.04938537988131303 -4.31238125
v -9.5 -0.04938537988131303 -4.31238125
v -6.375 0.5489098951693183 -4.040809375
v -9.5 0.5489098951693183 -4.040809375
v -6.375 -0.06273812500000003 -4.06261875
v -9.5 -0.06273812500000003 -4.06261875
v -12.3125 0.5622618749999999 -4.29057125
v -15.4375 0.5622618749999999 -4.29057125
v -12.3125 -0.04938537988131303 -4.31238125
v -15.4375 -0.04938537988131303 -4.31238125
v -12.3125 0.5489098951693183 -4.040809375
v -15.4375 0.5489098951693183 -4.040809375
v -12.3125 -0.06273812500000003 -4.06261875
v -15.4375 -0.06273812500000003 -4.06261875
v -2.25 0.5622618749999999 16.64692875
v -5.375 0.5622618749999999 16.64692875
v -2.25 -0.04938537988131303 16.62511875
v -5.375 -0.04938537988131303 16.62511875
v -2.25 0.5489098951693183 16.896690624999998
v -5.375 0.5489098951693183 16.896690624999998
v -2.25 -0.06273812500000003 16.87488125
v -5.375 -0.06273812500000003 16.87488125
v 0.8125 0.5622618749999999 16.64692875
v -2.3125 0.5622618749999999 16.64692875
v 0.8125 -0.04938537988131303 16.62511875
v -2.3125 -0.04938537988131303 16.62511875
v 0.8125 0.5489098951693183 16.896690624999998
v -2.3125 0.5489098951693183 16.896690624999998
v 0.8125 -0.06273812500000003 16.87488125
v -2.3125 -0.06273812500000003 16.87488125
v 3.9375 0.5622618749999999 16.64692875
v 0.8125 0.5622618749999999 16.64692875
v 3.9375 -0.04938537988131303 16.62511875
v 0.8125 -0.04938537988131303 16.62511875
v 3.9375 0.5489098951693183 16.896690624999998
v 0.8125 0.5489098951693183 16.896690624999998
v 3.9375 -0.06273812500000003 16.87488125
v 0.8125 -0.06273812500000003 16.87488125
v 6.8125 0.5622618749999999 16.64692875
v 3.6875 0.5622618749999999 16.64692875
v 6.8125 -0.04938537988131303 16.62511875
v 3.6875 -0.04938537988131303 16.62511875
v 6.8125 0.5489098951693183 16.896690624999998
v 3.6875 0.5489098951693183 16.896690624999998
v 6.8125 -0.06273812500000003 16.87488125
v 3.6875 -0.06273812500000003 16.87488125
v 9.25 0.5622618749999999 16.64692875
v 6.125 0.5622618749999999 16.64692875
v 9.25 -0.04938537988131303 16.62511875
v 6.125 -0.04938537988131303 16.62511875
v 9.25 0.5489098951693183 16.896690624999998
v 6.125 0.5489098951693183 16.896690624999998
v 9.25 -0.06273812500000003 16.87488125
v 6.125 -0.06273812500000003 16.87488125
v 11.4375 0.5622618749999999 16.64692875
v 8.3125 0.5622618749999999 16.64692875
v 11.4375 -0.04938537988131303 16.62511875
v 8.3125 -0.04938537988131303 16.62511875
v 11.4375 0.5489098951693183 16.896690624999998
v 8.3125 0.5489098951693183 16.896690624999998
v 11.4375 -0.06273812500000003 16.87488125
v 8.3125 -0.06273812500000003 16.87488125
v 3.9375 0.5622618749999999 -10.91557125
v 0.8125 0.5622618749999999 -10.91557125
v 3.9375 -0.04938537988131303 -10.93738125
v 0.8125 -0.04938537988131303 -10.93738125
v 3.9375 0.5489098951693183 -10.665809375
v 0.8125 0.5489098951693183 -10.665809375
v 3.9375 -0.06273812500000003 -10.68761875
v 0.8125 -0.06273812500000003 -10.68761875
v 0.8125 0.5622618749999999 -10.91557125
v -2.3125 0.5622618749999999 -10.91557125
v 0.8125 -0.04938537988131303 -10.93738125
v -2.3125 -0.04938537988131303 -10.93738125
v 0.8125 0.5489098951693183 -10.665809375
v -2.3125 0.5489098951693183 -10.665809375
v 0.8125 -0.06273812500000003 -10.68761875
v -2.3125 -0.06273812500000003 -10.68761875
v -2.25 0.5622618749999999 -10.91557125
v -5.375 0.5622618749999999 -10.91557125
v -2.25 -0.04938537988131303 -10.93738125
v -5.375 -0.04938537988131303 -10.93738125
v -2.25 0.5489098951693183 -10.665809375
v -5.375 0.5489098951693183 -10.665809375
v -2.25 -0.06273812500000003 -10.68761875
v -5.375 -0.06273812500000003 -10.68761875
v -5.0625 0.5622618749999999 -10.91557125
v -8.1875 0.5622618749999999 -10.91557125
v -5.0625 -0.04938537988131303 -10.93738125
v -8.1875 -0.04938537988131303 -10.93738125
v -5.0625 0.5489098951693183 -10.665809375
v -8.1875 0.5489098951693183 -10.665809375
v -5.0625 -0.06273812500000003 -10.68761875
v -8.1875 -0.06273812500000003 -10.68761875
v -8.125 0.5622618749999999 -10.91557125
v -11.25 0.5622618749999999 -10.91557125
v -8.125 -0.04938537988131303 -10.93738125
v -11.25 -0.04938537988131303 -10.93738125
v -8.125 0.5489098951693183 -10.665809375
v -11.25 0.5489098951693183 -10.665809375
v -8.125 -0.06273812500000003 -10.68761875
v -11.25 -0.06273812500000003 -10.68761875
v 6.8125 0.5622618749999999 -10.91557125
v 3.6875 0.5622618749999999 -10.91557125
v 6.8125 -0.04938537988131303 -10.93738125
v 3.6875 -0.04938537988131303 -10.93738125
v 6.8125 0.5489098951693183 -10.665809375
v 3.6875 0.5489098951693183 -10.665809375
v 6.8125 -0.06273812500000003 -10.68761875
v 3.6875 -0.06273812500000003 -10.68761875
v 9.25 0.5622618749999999 -10.91557125
v 6.125 0.5622618749999999 -10.91557125
v 9.25 -0.04938537988131303 -10.93738125
v 6.125 -0.04938537988131303 -10.93738125
v 9.25 0.5489098951693183 -10.665809375
v 6.125 0.5489098951693183 -10.665809375
v 9.25 -0.06273812500000003 -10.68761875
v 6.125 -0.06273812500000003 -10.68761875
v 11.4375 0.5622618749999999 -10.91557125
v 8.3125 0.5622618749999999 -10.91557125
v 11.4375 -0.04938537988131303 -10.93738125
v 8.3125 -0.04938537988131303 -10.93738125
v 11.4375 0.5489098951693183 -10.665809375
v 8.3125 0.5489098951693183 -10.665809375
v 11.4375 -0.06273812500000003 -10.68761875
v 8.3125 -0.06273812500000003 -10.68761875
v -11.125 0.5622618749999999 -10.91557125
v -14.25 0.5622618749999999 -10.91557125
v -11.125 -0.04938537988131303 -10.93738125
v -14.25 -0.04938537988131303 -10.93738125
v -11.125 0.5489098951693183 -10.665809375
v -14.25 0.5489098951693183 -10.665809375
v -11.125 -0.06273812500000003 -10.68761875
v -14.25 -0.06273812500000003 -10.68761875
v 3.5 0.5561686519007916 -0.75
v 3.5 0.5561686519007916 -3.875
v 3.5 -0.05606175244065653 -0.75
v 3.5 -0.05606175244065653 -3.875
v 3.25 0.5561686519007916 -0.75
v 3.25 0.5561686519007916 -3.875
v 3.25 -0.05606175244065653 -0.75
v 3.25 -0.05606175244065653 -3.875
v 7.8182425 0.5561686519007916 9.57896625
v 5.60853375 0.5561686519007916 7.3692575
v 7.8182425 -0.05606175244065653 9.57896625
v 5.60853375 -0.05606175244065653 7.3692575
v 7.64146625 0.5561686519007916 9.7557425
v 5.4317575 0.5561686519007916 7.54603375
v 7.64146625 -0.05606175244065653 9.7557425
v 5.4317575 -0.05606175244065653 7.54603375
v -0.0625 -0.05606175244065653 -0.75
v -0.0625 0.5561686519007916 -0.75
v 0.205449375 -0.05606175244065653 0.25
v 0.205449375 0.5561686519007916 0.25
v 0.6695506250000001 -0.05606175244065653 -0.017949374999999934
v 0.6695506250000001 0.5561686519007916 -0.017949374999999934
v 0.9375 -0.05606175244065653 -0.48205062499999984
v 0.9375 0.5561686519007916 -0.48205062499999984
v 0.9375 -0.05606175244065653 -1.0179493750000002
v 0.9375 0.5561686519007916 -1.0179493750000002
v 0.6695506250000001 -0.05606175244065653 -1.4820506249999998
v 0.6695506250000001 0.5561686519007916 -1.4820506249999998
v 0.205449375 -0.05606175244065653 -1.75
v 0.205449375 0.5561686519007916 -1.75
v -0.33044937500000005 -0.05606175244065653 -1.75
v -0.33044937500000005 0.5561686519007916 -1.75
v -0.7945506250000001 -0.05606175244065653 -1.4820506249999998
v -0.7945506250000001 0.5561686519007916 -1.4820506249999998
v -1.0625 -0.05606175244065653 -1.0179493750000002
v -1.0625 0.5561686519007916 -1.0179493750000002
v -1.0625 -0.05606175244065653 -0.48205062499999984
v -1.0625 0.5561686519007916 -0.48205062499999984
v -0.7945506250000001 -0.05606175244065653 -0.017949374999999934
v -0.7945506250000001 0.5561686519007916 -0.017949374999999934
v -0.33044937500000005 -0.05606175244065653 0.25
v -0.33044937500000005 0.5561686519007916 0.25
v -6.4375 -0.05606175244065653 -0.75
v -6.4375 0.5561686519007916 -0.75
v -6.169550625 -0.05606175244065653 0.25
v -6.169550625 0.5561686519007916 0.25
v -5.705449375 -0.05606175244065653 -0.017949374999999934
v -5.705449375 0.5561686519007916 -0.017949374999999934
v -5.4375 -0.05606175244065653 -0.48205062499999984
v -5.4375 0.5561686519007916 -0.48205062499999984
v -5.4375 -0.05606175244065653 -1.0179493750000002
v -5.4375 0.5561686519007916 -1.0179493750000002
v -5.705449375 -0.05606175244065653 -1.4820506249999998
v -5.705449375 0.5561686519007916 -1.4820506249999998
v -6.169550625 -0.05606175244065653 -1.75
v -6.169550625 0.5561686519007916 -1.75
v -6.705449375 -0.05606175244065653 -1.75
v -6.705449375 0.5561686519007916 -1.75
v -7.169550625 -0.05606175244065653 -1.4820506249999998
v -7.169550625 0.5561686519007916 -1.4820506249999998
v -7.4375 -0.05606175244065653 -1.0179493750000002
v -7.4375 0.5561686519007916 -1.0179493750000002
v -7.4375 -0.05606175244065653 -0.48205062499999984
v -7.4375 0.5561686519007916 -0.48205062499999984
v -7.169550625 -0.05606175244065653 -0.017949374999999934
v -7.169550625 0.5561686519007916 -0.017949374999999934
v -6.705449375 -0.05606175244065653 0.25
v -6.705449375 0.5561686519007916 0.25
v 8.625 -0.05606175244065653 -8.4375
v 8.625 0.5561686519007916 -8.4375
v 9.512581875 -0.05606175244065653 -5.125
v 9.512581875 0.5561686519007916 -5.125
v 11.049918125 -0.05606175244065653 -6.012581875
v 11.049918125 0.5561686519007916 -6.012581875
v 11.9375 -0.05606175244065653 -7.549918125
v 11.9375 0.5561686519007916 -7.549918125
v 11.9375 -0.05606175244065653 -9.325081875
v 11.9375 0.5561686519007916 -9.325081875
v 11.049918125 -0.05606175244065653 -10.862418125
v 11.049918125 0.5561686519007916 -10.862418125
v 9.512581875 -0.05606175244065653 -11.75
v 9.512581875 0.5561686519007916 -11.75
v 7.737418125 -0.05606175244065653 -11.75
v 7.737418125 0.5561686519007916 -11.75
v 6.200081875 -0.05606175244065653 -10.862418125
v 6.200081875 0.5561686519007916 -10.862418125
v 5.3125 -0.05606175244065653 -9.325081875
v 5.3125 0.5561686519007916 -9.325081875
v 5.3125 -0.05606175244065653 -7.549918125
v 5.3125 0.5561686519007916 -7.549918125
v 6.200081875 -0.05606175244065653 -6.012581875
v 6.200081875 0.5561686519007916 -6.012581875
v 7.737418125 -0.05606175244065653 -5.125
v 7.737418125 0.5561686519007916 -5.125
v -5.4375 -0.05606175244065653 -10.5
v -5.4375 0.5561686519007916 -10.5
v -4.549918125 -0.05606175244065653 -7.1875
v -4.549918125 0.5561686519007916 -7.1875
v -3.012581875 -0.05606175244065653 -8.075081875
v -3.012581875 0.5561686519007916 -8.075081875
v -2.125 -0.05606175244065653 -9.612418125
v -2.125 0.5561686519007916 -9.612418125
v -2.125 -0.05606175244065653 -11.387581875
v -2.125 0.5561686519007916 -11.387581875
v -3.012581875 -0.05606175244065653 -12.924918125
v -3.012581875 0.5561686519007916 -12.924918125
v -4.549918125 -0.05606175244065653 -13.8125
v -4.549918125 0.5561686519007916 -13.8125
v -6.325081875 -0.05606175244065653 -13.8125
v -6.325081875 0.5561686519007916 -13.8125
v -7.862418125 -0.05606175244065653 -12.924918125
v -7.862418125 0.5561686519007916 -12.924918125
v -8.75 -0.05606175244065653 -11.387581875
v -8.75 0.5561686519007916 -11.387581875
v -8.75 -0.05606175244065653 -9.612418125
v -8.75 0.5561686519007916 -9.612418125
v -7.862418125 -0.05606175244065653 -8.075081875
v -7.862418125 0.5561686519007916 -8.075081875
v -6.325081875 -0.05606175244065653 -7.1875
v -6.325081875 0.5561686519007916 -7.1875
v 5.6875 -0.05606175244065653 2.25
v 5.6875 0.5561686519007916 2.25
v 6.27363875 -0.05606175244065653 4.4375
v 6.27363875 0.5561686519007916 4.4375
v 7.28886125 -0.05606175244065653 3.85136125
v 7.28886125 0.5561686519007916 3.85136125
v 7.875 -0.05606175244065653 2.83613875
v 7.875 0.5561686519007916 2.83613875
v 7.875 -0.05606175244065653 1.66386125
v 7.875 0.5561686519007916 1.66386125
v 7.28886125 -0.05606175244065653 0.64863875
v 7.28886125 0.5561686519007916 0.64863875
v 6.27363875 -0.05606175244065653 0.0625
v 6.27363875 0.5561686519007916 0.0625
v 5.10136125 -0.05606175244065653 0.0625
v 5.10136125 0.5561686519007916 0.0625
v 4.08613875 -0.05606175244065653 0.64863875
v 4.08613875 0.5561686519007916 0.64863875
v 3.5 -0.05606175244065653 1.66386125
v 3.5 0.5561686519007916 1.66386125
v 3.5 -0.05606175244065653 2.83613875
v 3.5 0.5561686519007916 2.83613875
v 4.08613875 -0.05606175244065653 3.85136125
v 4.08613875 0.5561686519007916 3.85136125
v 5.10136125 -0.05606175244065653 4.4375
v 5.10136125 0.5561686519007916 4.4375
v -0.5 -0.05606175244065653 10.5
v -0.5 0.5561686519007916 10.5
v -0.23205062499999995 -0.05606175244065653 11.5
v -0.23205062499999995 0.5561686519007916 11.5
v 0.232050625 -0.05606175244065653 11.232050625
v 0.232050625 0.5561686519007916 11.232050625
v 0.5 -0.05606175244065653 10.767949375
v 0.5 0.5561686519007916 10.767949375
v 0.5 -0.05606175244065653 10.232050625
v 0.5 0.5561686519007916 10.232050625
v 0.232050625 -0.05606175244065653 9.767949375
v 0.232050625 0.5561686519007916 9.767949375
v -0.23205062499999995 -0.05606175244065653 9.5
v -0.23205062499999995 0.5561686519007916 9.5
v -0.7679493749999999 -0.05606175244065653 9.5
v -0.7679493749999999 0.5561686519007916 9.5
v -1.232050625 -0.05606175244065653 9.767949375
v -1.232050625 0.5561686519007916 9.767949375
v -1.5 -0.05606175244065653 10.232050625
v -1.5 0.5561686519007916 10.232050625
v -1.5 -0.05606175244065653 10.767949375
v -1.5 0.5561686519007916 10.767949375
v -1.232050625 -0.05606175244065653 11.232050625
v -1.232050625 0.5561686519007916 11.232050625
v -0.7679493749999999 -0.05606175244065653 11.5
v -0.7679493749999999 0.5561686519007916 11.5
vt 0.3046875 0.86328125
vt 0.20703125 0.86328125
vt 0.20703125 0.84765625
vt 0.3046875 0.84765625
vt 0.09765625 0.49609375
vt 0.09765625 0.51171875
vt 0 0.51171875
vt 0 0.49609375
vt 0.14453125 0.69921875
vt 0.15234375 0.69921875
vt 0.15234375 0.796875
vt 0.14453125 0.796875
vt 0.359375 0.189453125
vt 0.359375 0.287109375
vt 0.3515625 0.287109375
vt 0.3515625 0.189453125
vt 0.0078125 0.984375
vt 0.0078125 1
vt 0 1
vt 0 0.984375
vt 0.017578125 1
vt 0.009765625 1
vt 0.009765625 0.984375
vt 0.017578125 0.984375
vt 0.58984375 0.5078125
vt 0.4921875 0.5078125
vt 0.4921875 0.4921875
vt 0.58984375 0.4921875
vt 0.591796875 0.966796875
vt 0.591796875 0.982421875
vt 0.494140625 0.982421875
vt 0.494140625 0.966796875
vt 0.361328125 0.189453125
vt 0.369140625 0.189453125
vt 0.369140625 0.287109375
vt 0.361328125 0.287109375
vt 0.37890625 0.189453125
vt 0.37890625 0.287109375
vt 0.37109375 0.287109375
vt 0.37109375 0.189453125
vt 0.0078125 0.966796875
vt 0.0078125 0.982421875
vt 0 0.982421875
vt 0 0.966796875
vt 0.017578125 0.982421875
vt 0.009765625 0.982421875
vt 0.009765625 0.966796875
vt 0.017578125 0.966796875
vt 0.49609375 0.296875
vt 0.3984375 0.296875
vt 0.3984375 0.28125
vt 0.49609375 0.28125
vt 0.595703125 0.28125
vt 0.595703125 0.296875
vt 0.498046875 0.296875
vt 0.498046875 0.28125
vt 0.380859375 0.189453125
vt 0.388671875 0.189453125
vt 0.388671875 0.287109375
vt 0.380859375 0.287109375
vt 0.427734375 0.748046875
vt 0.525390625 0.748046875
vt 0.525390625 0.755859375
vt 0.427734375 0.755859375
vt 0.779296875 0.158203125
vt 0.779296875 0.173828125
vt 0.771484375 0.173828125
vt 0.771484375 0.158203125
vt 0.833984375 0.287109375
vt 0.826171875 0.287109375
vt 0.826171875 0.271484375
vt 0.833984375 0.271484375
vt 0.6953125 0.296875
vt 0.59765625 0.296875
vt 0.59765625 0.28125
vt 0.6953125 0.28125
vt 0.8046875 0.640625
vt 0.8046875 0.65625
vt 0.70703125 0.65625
vt 0.70703125 0.640625
vt 0.052734375 0.185546875
vt 0.060546875 0.185546875
vt 0.060546875 0.283203125
vt 0.052734375 0.283203125
vt 0.6328125 0.712890625
vt 0.73046875 0.712890625
vt 0.73046875 0.720703125
vt 0.6328125 0.720703125
vt 0.8359375 0.611328125
vt 0.8359375 0.626953125
vt 0.828125 0.626953125
vt 0.828125 0.611328125
vt 0.7890625 0.173828125
vt 0.78125 0.173828125
vt 0.78125 0.158203125
vt 0.7890625 0.158203125
vt 0.794921875 0.296875
vt 0.697265625 0.296875
vt 0.697265625 0.28125
vt 0.794921875 0.28125
vt 0.798828125 0.513671875
vt 0.798828125 0.529296875
vt 0.701171875 0.529296875
vt 0.701171875 0.513671875
vt 0.0625 0.185546875
vt 0.0703125 0.185546875
vt 0.0703125 0.283203125
vt 0.0625 0.283203125
vt 0.705078125 0.833984375
vt 0.802734375 0.833984375
vt 0.802734375 0.841796875
vt 0.705078125 0.841796875
vt 0.80859375 0.158203125
vt 0.80859375 0.173828125
vt 0.80078125 0.173828125
vt 0.80078125 0.158203125
vt 0.818359375 0.173828125
vt 0.810546875 0.173828125
vt 0.810546875 0.158203125
vt 0.818359375 0.158203125
vt 0.591796875 0.826171875
vt 0.494140625 0.826171875
vt 0.494140625 0.810546875
vt 0.591796875 0.810546875
vt 0.595703125 0.654296875
vt 0.595703125 0.669921875
vt 0.498046875 0.669921875
vt 0.498046875 0.654296875
vt 0.072265625 0.185546875
vt 0.080078125 0.185546875
vt 0.080078125 0.283203125
vt 0.072265625 0.283203125
vt 0.08984375 0.185546875
vt 0.08984375 0.283203125
vt 0.08203125 0.283203125
vt 0.08203125 0.185546875
vt 0.02734375 0.984375
vt 0.02734375 1
vt 0.01953125 1
vt 0.01953125 0.984375
vt 0.037109375 1
vt 0.029296875 1
vt 0.029296875 0.984375
vt 0.037109375 0.984375
vt 0.197265625 0.5
vt 0.099609375 0.5
vt 0.099609375 0.484375
vt 0.197265625 0.484375
vt 0.296875 0.484375
vt 0.296875 0.5
vt 0.19921875 0.5
vt 0.19921875 0.484375
vt 0.390625 0.181640625
vt 0.3984375 0.181640625
vt 0.3984375 0.279296875
vt 0.390625 0.279296875
vt 0.408203125 0.181640625
vt 0.408203125 0.279296875
vt 0.400390625 0.279296875
vt 0.400390625 0.181640625
vt 0.0078125 0.94921875
vt 0.0078125 0.96484375
vt 0 0.96484375
vt 0 0.94921875
vt 0.0078125 0.849609375
vt 0 0.849609375
vt 0 0.833984375
vt 0.0078125 0.833984375
vt 0.599609375 0.525390625
vt 0.501953125 0.525390625
vt 0.501953125 0.509765625
vt 0.599609375 0.509765625
vt 0.09765625 0.478515625
vt 0.09765625 0.494140625
vt 0 0.494140625
vt 0 0.478515625
vt 0.814453125 0.88671875
vt 0.814453125 0.89453125
vt 0.716796875 0.89453125
vt 0.716796875 0.88671875
vt 0.716796875 0.630859375
vt 0.814453125 0.630859375
vt 0.814453125 0.638671875
vt 0.716796875 0.638671875
vt 0.171875 0.984375
vt 0.171875 1
vt 0.1640625 1
vt 0.1640625 0.984375
vt 0.0078125 0.83203125
vt 0 0.83203125
vt 0 0.81640625
vt 0.0078125 0.81640625
vt 0.603515625 0.96484375
vt 0.505859375 0.96484375
vt 0.505859375 0.94921875
vt 0.603515625 0.94921875
vt 0.603515625 0.830078125
vt 0.603515625 0.845703125
vt 0.505859375 0.845703125
vt 0.505859375 0.830078125
vt 0.81640625 0.62109375
vt 0.81640625 0.62890625
vt 0.71875 0.62890625
vt 0.71875 0.62109375
vt 0.71875 0.611328125
vt 0.81640625 0.611328125
vt 0.81640625 0.619140625
vt 0.71875 0.619140625
vt 0.017578125 0.81640625
vt 0.017578125 0.83203125
vt 0.009765625 0.83203125
vt 0.009765625 0.81640625
vt 0.181640625 1
vt 0.173828125 1
vt 0.173828125 0.984375
vt 0.181640625 0.984375
vt 0.60546875 0.65234375
vt 0.5078125 0.65234375
vt 0.5078125 0.63671875
vt 0.60546875 0.63671875
vt 0.55859375 0.474609375
vt 0.55859375 0.490234375
vt 0.4609375 0.490234375
vt 0.4609375 0.474609375
vt 0.81640625 0.6015625
vt 0.81640625 0.609375
vt 0.71875 0.609375
vt 0.71875 0.6015625
vt 0.71875 0.591796875
vt 0.81640625 0.591796875
vt 0.81640625 0.599609375
vt 0.71875 0.599609375
vt 0.19140625 0.984375
vt 0.19140625 1
vt 0.18359375 1
vt 0.18359375 0.984375
vt 0.02734375 0.81640625
vt 0.01953125 0.81640625
vt 0.01953125 0.80078125
vt 0.02734375 0.80078125
vt 0.611328125 0.544921875
vt 0.513671875 0.544921875
vt 0.513671875 0.529296875
vt 0.611328125 0.529296875
vt 0.61328125 0.931640625
vt 0.61328125 0.947265625
vt 0.515625 0.947265625
vt 0.515625 0.931640625
vt 0.41015625 0.181640625
vt 0.41796875 0.181640625
vt 0.41796875 0.279296875
vt 0.41015625 0.279296875
vt 0.427734375 0.181640625
vt 0.427734375 0.279296875
vt 0.419921875 0.279296875
vt 0.419921875 0.181640625
vt 0.0078125 0.798828125
vt 0.0078125 0.814453125
vt 0 0.814453125
vt 0 0.798828125
vt 0.017578125 0.814453125
vt 0.009765625 0.814453125
vt 0.009765625 0.798828125
vt 0.017578125 0.798828125
vt 0.61328125 0.86328125
vt 0.515625 0.86328125
vt 0.515625 0.84765625
vt 0.61328125 0.84765625
vt 0.615234375 0.9140625
vt 0.615234375 0.9296875
vt 0.517578125 0.9296875
vt 0.517578125 0.9140625
vt 0.4296875 0.181640625
vt 0.4375 0.181640625
vt 0.4375 0.279296875
vt 0.4296875 0.279296875
vt 0.447265625 0.181640625
vt 0.447265625 0.279296875
vt 0.439453125 0.279296875
vt 0.439453125 0.181640625
vt 0.037109375 0.794921875
vt 0.037109375 0.810546875
vt 0.029296875 0.810546875
vt 0.029296875 0.794921875
vt 0.162109375 0.802734375
vt 0.154296875 0.802734375
vt 0.154296875 0.787109375
vt 0.162109375 0.787109375
vt 0.615234375 0.912109375
vt 0.517578125 0.912109375
vt 0.517578125 0.896484375
vt 0.615234375 0.896484375
vt 0.197265625 0.466796875
vt 0.197265625 0.482421875
vt 0.099609375 0.482421875
vt 0.099609375 0.466796875
vt 0.44921875 0.181640625
vt 0.45703125 0.181640625
vt 0.45703125 0.279296875
vt 0.44921875 0.279296875
vt 0.466796875 0.181640625
vt 0.466796875 0.279296875
vt 0.458984375 0.279296875
vt 0.458984375 0.181640625
vt 0.02734375 0.783203125
vt 0.02734375 0.798828125
vt 0.01953125 0.798828125
vt 0.01953125 0.783203125
vt 0.0078125 0.796875
vt 0 0.796875
vt 0 0.78125
vt 0.0078125 0.78125
vt 0.615234375 0.89453125
vt 0.517578125 0.89453125
vt 0.517578125 0.87890625
vt 0.615234375 0.87890625
vt 0.296875 0.466796875
vt 0.296875 0.482421875
vt 0.19921875 0.482421875
vt 0.19921875 0.466796875
vt 0.46875 0.181640625
vt 0.4765625 0.181640625
vt 0.4765625 0.279296875
vt 0.46875 0.279296875
vt 0.486328125 0.181640625
vt 0.486328125 0.279296875
vt 0.478515625 0.279296875
vt 0.478515625 0.181640625
vt 0.017578125 0.78125
vt 0.017578125 0.796875
vt 0.009765625 0.796875
vt 0.009765625 0.78125
vt 0.126953125 0.791015625
vt 0.119140625 0.791015625
vt 0.119140625 0.775390625
vt 0.126953125 0.775390625
vt 0.802734375 0.96484375
vt 0.705078125 0.96484375
vt 0.705078125 0.94921875
vt 0.802734375 0.94921875
vt 0.197265625 0.2734375
vt 0.197265625 0.2890625
vt 0.099609375 0.2890625
vt 0.099609375 0.2734375
vt 0.48828125 0.181640625
vt 0.49609375 0.181640625
vt 0.49609375 0.279296875
vt 0.48828125 0.279296875
vt 0.71875 0.58203125
vt 0.81640625 0.58203125
vt 0.81640625 0.58984375
vt 0.71875 0.58984375
vt 0.8359375 0.62890625
vt 0.8359375 0.64453125
vt 0.828125 0.64453125
vt 0.828125 0.62890625
vt 0.798828125 0.173828125
vt 0.791015625 0.173828125
vt 0.791015625 0.158203125
vt 0.798828125 0.158203125
vt 0.615234375 0.634765625
vt 0.517578125 0.634765625
vt 0.517578125 0.619140625
vt 0.615234375 0.619140625
vt 0.396484375 0.46484375
vt 0.396484375 0.48046875
vt 0.298828125 0.48046875
vt 0.298828125 0.46484375
vt 0.498046875 0.181640625
vt 0.505859375 0.181640625
vt 0.505859375 0.279296875
vt 0.498046875 0.279296875
vt 0.515625 0.181640625
vt 0.515625 0.279296875
vt 0.5078125 0.279296875
vt 0.5078125 0.181640625
vt 0.13671875 0.775390625
vt 0.13671875 0.791015625
vt 0.12890625 0.791015625
vt 0.12890625 0.775390625
vt 0.0078125 0.779296875
vt 0 0.779296875
vt 0 0.763671875
vt 0.0078125 0.763671875
vt 0.6171875 0.6171875
vt 0.51953125 0.6171875
vt 0.51953125 0.6015625
vt 0.6171875 0.6015625
vt 0.6171875 0.583984375
vt 0.6171875 0.599609375
vt 0.51953125 0.599609375
vt 0.51953125 0.583984375
vt 0.81640625 0.572265625
vt 0.81640625 0.580078125
vt 0.71875 0.580078125
vt 0.71875 0.572265625
vt 0.71875 0.5625
vt 0.81640625 0.5625
vt 0.81640625 0.5703125
vt 0.71875 0.5703125
vt 0.138671875 0.7578125
vt 0.138671875 0.7734375
vt 0.130859375 0.7734375
vt 0.130859375 0.7578125
vt 0.275390625 0.8828125
vt 0.267578125 0.8828125
vt 0.267578125 0.8671875
vt 0.275390625 0.8671875
vt 0.6171875 0.58203125
vt 0.51953125 0.58203125
vt 0.51953125 0.56640625
vt 0.6171875 0.56640625
vt 0.6171875 0.548828125
vt 0.6171875 0.564453125
vt 0.51953125 0.564453125
vt 0.51953125 0.548828125
vt 0.81640625 0.552734375
vt 0.81640625 0.560546875
vt 0.71875 0.560546875
vt 0.71875 0.552734375
vt 0.517578125 0.271484375
vt 0.615234375 0.271484375
vt 0.615234375 0.279296875
vt 0.517578125 0.279296875
vt 0.279296875 0.919921875
vt 0.279296875 0.935546875
vt 0.271484375 0.935546875
vt 0.271484375 0.919921875
vt 0.28125 0.91796875
vt 0.2734375 0.91796875
vt 0.2734375 0.90234375
vt 0.28125 0.90234375
vt 0.09765625 0.4765625
vt 0 0.4765625
vt 0 0.4609375
vt 0.09765625 0.4609375
vt 0.49609375 0.45703125
vt 0.49609375 0.47265625
vt 0.3984375 0.47265625
vt 0.3984375 0.45703125
vt 0.71484375 0.271484375
vt 0.71484375 0.279296875
vt 0.6171875 0.279296875
vt 0.6171875 0.271484375
vt 0.716796875 0.271484375
vt 0.814453125 0.271484375
vt 0.814453125 0.279296875
vt 0.716796875 0.279296875
vt 0.28125 0.884765625
vt 0.28125 0.900390625
vt 0.2734375 0.900390625
vt 0.2734375 0.884765625
vt 0.28515625 0.8828125
vt 0.27734375 0.8828125
vt 0.27734375 0.8671875
vt 0.28515625 0.8671875
vt 0.595703125 0.47265625
vt 0.498046875 0.47265625
vt 0.498046875 0.45703125
vt 0.595703125 0.45703125
vt 0.62890625 0.693359375
vt 0.62890625 0.708984375
vt 0.53125 0.708984375
vt 0.53125 0.693359375
vt 0.189453125 0.263671875
vt 0.189453125 0.271484375
vt 0.091796875 0.271484375
vt 0.091796875 0.263671875
vt 0.19140625 0.263671875
vt 0.2890625 0.263671875
vt 0.2890625 0.271484375
vt 0.19140625 0.271484375
vt 0.2890625 0.919921875
vt 0.2890625 0.935546875
vt 0.28125 0.935546875
vt 0.28125 0.919921875
vt 0.291015625 0.91796875
vt 0.283203125 0.91796875
vt 0.283203125 0.90234375
vt 0.291015625 0.90234375
vt 0.630859375 0.7265625
vt 0.533203125 0.7265625
vt 0.533203125 0.7109375
vt 0.630859375 0.7109375
vt 0.197265625 0.44921875
vt 0.197265625 0.46484375
vt 0.099609375 0.46484375
vt 0.099609375 0.44921875
vt 0.828125 0.703125
vt 0.828125 0.7109375
vt 0.73046875 0.7109375
vt 0.73046875 0.703125
vt 0.73046875 0.693359375
vt 0.828125 0.693359375
vt 0.828125 0.701171875
vt 0.73046875 0.701171875
vt 0.291015625 0.884765625
vt 0.291015625 0.900390625
vt 0.283203125 0.900390625
vt 0.283203125 0.884765625
vt 0.294921875 0.8828125
vt 0.287109375 0.8828125
vt 0.287109375 0.8671875
vt 0.294921875 0.8671875
vt 0.296875 0.46484375
vt 0.19921875 0.46484375
vt 0.19921875 0.44921875
vt 0.296875 0.44921875
vt 0.396484375 0.447265625
vt 0.396484375 0.462890625
vt 0.298828125 0.462890625
vt 0.298828125 0.447265625
vt 0.291015625 0.171875
vt 0.298828125 0.171875
vt 0.298828125 0.26953125
vt 0.291015625 0.26953125
vt 0.30859375 0.171875
vt 0.30859375 0.26953125
vt 0.30078125 0.26953125
vt 0.30078125 0.171875
vt 0.298828125 0.919921875
vt 0.298828125 0.935546875
vt 0.291015625 0.935546875
vt 0.291015625 0.919921875
vt 0.30078125 0.91796875
vt 0.29296875 0.91796875
vt 0.29296875 0.90234375
vt 0.30078125 0.90234375
vt 0.09765625 0.458984375
vt 0 0.458984375
vt 0 0.443359375
vt 0.09765625 0.443359375
vt 0.49609375 0.439453125
vt 0.49609375 0.455078125
vt 0.3984375 0.455078125
vt 0.3984375 0.439453125
vt 0.310546875 0.171875
vt 0.318359375 0.171875
vt 0.318359375 0.26953125
vt 0.310546875 0.26953125
vt 0.328125 0.171875
vt 0.328125 0.26953125
vt 0.3203125 0.26953125
vt 0.3203125 0.171875
vt 0.30078125 0.884765625
vt 0.30078125 0.900390625
vt 0.29296875 0.900390625
vt 0.29296875 0.884765625
vt 0.3046875 0.8828125
vt 0.296875 0.8828125
vt 0.296875 0.8671875
vt 0.3046875 0.8671875
vt 0.595703125 0.455078125
vt 0.498046875 0.455078125
vt 0.498046875 0.439453125
vt 0.595703125 0.439453125
vt 0.197265625 0.431640625
vt 0.197265625 0.447265625
vt 0.099609375 0.447265625
vt 0.099609375 0.431640625
vt 0.330078125 0.171875
vt 0.337890625 0.171875
vt 0.337890625 0.26953125
vt 0.330078125 0.26953125
vt 0.34765625 0.171875
vt 0.34765625 0.26953125
vt 0.33984375 0.26953125
vt 0.33984375 0.171875
vt 0.14453125 0.681640625
vt 0.14453125 0.697265625
vt 0.13671875 0.697265625
vt 0.13671875 0.681640625
vt 0.154296875 0.697265625
vt 0.146484375 0.697265625
vt 0.146484375 0.681640625
vt 0.154296875 0.681640625
vt 0.296875 0.447265625
vt 0.19921875 0.447265625
vt 0.19921875 0.431640625
vt 0.296875 0.431640625
vt 0.396484375 0.4296875
vt 0.396484375 0.4453125
vt 0.298828125 0.4453125
vt 0.298828125 0.4296875
vt 0.517578125 0.171875
vt 0.525390625 0.171875
vt 0.525390625 0.26953125
vt 0.517578125 0.26953125
vt 0.53515625 0.171875
vt 0.53515625 0.26953125
vt 0.52734375 0.26953125
vt 0.52734375 0.171875
vt 0.314453125 0.8359375
vt 0.314453125 0.8515625
vt 0.306640625 0.8515625
vt 0.306640625 0.8359375
vt 0.1640625 0.689453125
vt 0.15625 0.689453125
vt 0.15625 0.673828125
vt 0.1640625 0.673828125
vt 0.09765625 0.44140625
vt 0 0.44140625
vt 0 0.42578125
vt 0.09765625 0.42578125
vt 0.658203125 0.474609375
vt 0.658203125 0.490234375
vt 0.560546875 0.490234375
vt 0.560546875 0.474609375
vt 0.537109375 0.171875
vt 0.544921875 0.171875
vt 0.544921875 0.26953125
vt 0.537109375 0.26953125
vt 0.5546875 0.171875
vt 0.5546875 0.26953125
vt 0.546875 0.26953125
vt 0.546875 0.171875
vt 0.0078125 0.66796875
vt 0.0078125 0.68359375
vt 0 0.68359375
vt 0 0.66796875
vt 0.328125 1
vt 0.3203125 1
vt 0.3203125 0.984375
vt 0.328125 0.984375
vt 0.49609375 0.4375
vt 0.3984375 0.4375
vt 0.3984375 0.421875
vt 0.49609375 0.421875
vt 0.595703125 0.421875
vt 0.595703125 0.4375
vt 0.498046875 0.4375
vt 0.498046875 0.421875
vt 0.556640625 0.171875
vt 0.564453125 0.171875
vt 0.564453125 0.26953125
vt 0.556640625 0.26953125
vt 0.57421875 0.171875
vt 0.57421875 0.26953125
vt 0.56640625 0.26953125
vt 0.56640625 0.171875
vt 0.330078125 0.966796875
vt 0.330078125 0.982421875
vt 0.322265625 0.982421875
vt 0.322265625 0.966796875
vt 0.337890625 1
vt 0.330078125 1
vt 0.330078125 0.984375
vt 0.337890625 0.984375
vt 0.197265625 0.4296875
vt 0.099609375 0.4296875
vt 0.099609375 0.4140625
vt 0.197265625 0.4140625
vt 0.296875 0.4140625
vt 0.296875 0.4296875
vt 0.19921875 0.4296875
vt 0.19921875 0.4140625
vt 0.576171875 0.171875
vt 0.583984375 0.171875
vt 0.583984375 0.26953125
vt 0.576171875 0.26953125
vt 0.59375 0.171875
vt 0.59375 0.26953125
vt 0.5859375 0.26953125
vt 0.5859375 0.171875
vt 0.017578125 0.654296875
vt 0.017578125 0.669921875
vt 0.009765625 0.669921875
vt 0.009765625 0.654296875
vt 0.0078125 0.666015625
vt 0 0.666015625
vt 0 0.650390625
vt 0.0078125 0.650390625
vt 0.396484375 0.427734375
vt 0.298828125 0.427734375
vt 0.298828125 0.412109375
vt 0.396484375 0.412109375
vt 0.09765625 0.408203125
vt 0.09765625 0.423828125
vt 0 0.423828125
vt 0 0.408203125
vt 0.595703125 0.171875
vt 0.603515625 0.171875
vt 0.603515625 0.26953125
vt 0.595703125 0.26953125
vt 0.61328125 0.171875
vt 0.61328125 0.26953125
vt 0.60546875 0.26953125
vt 0.60546875 0.171875
vt 0.34765625 0.984375
vt 0.34765625 1
vt 0.33984375 1
vt 0.33984375 0.984375
vt 0.0703125 0.65234375
vt 0.0625 0.65234375
vt 0.0625 0.63671875
vt 0.0703125 0.63671875
vt 0.49609375 0.419921875
vt 0.3984375 0.419921875
vt 0.3984375 0.404296875
vt 0.49609375 0.404296875
vt 0.595703125 0.404296875
vt 0.595703125 0.419921875
vt 0.498046875 0.419921875
vt 0.498046875 0.404296875
vt 0.615234375 0.171875
vt 0.623046875 0.171875
vt 0.623046875 0.26953125
vt 0.615234375 0.26953125
vt 0.6328125 0.171875
vt 0.6328125 0.26953125
vt 0.625 0.26953125
vt 0.625 0.171875
vt 0.361328125 0.787109375
vt 0.361328125 0.802734375
vt 0.353515625 0.802734375
vt 0.353515625 0.787109375
vt 0.31640625 0.646484375
vt 0.30859375 0.646484375
vt 0.30859375 0.630859375
vt 0.31640625 0.630859375
vt 0.197265625 0.412109375
vt 0.099609375 0.412109375
vt 0.099609375 0.396484375
vt 0.197265625 0.396484375
vt 0.296875 0.396484375
vt 0.296875 0.412109375
vt 0.19921875 0.412109375
vt 0.19921875 0.396484375
vt 0.634765625 0.171875
vt 0.642578125 0.171875
vt 0.642578125 0.26953125
vt 0.634765625 0.26953125
vt 0.65234375 0.171875
vt 0.65234375 0.26953125
vt 0.64453125 0.26953125
vt 0.64453125 0.171875
vt 0.306640625 0.625
vt 0.306640625 0.640625
vt 0.298828125 0.640625
vt 0.298828125 0.625
vt 0.28125 0.634765625
vt 0.2734375 0.634765625
vt 0.2734375 0.619140625
vt 0.28125 0.619140625
vt 0.396484375 0.41015625
vt 0.298828125 0.41015625
vt 0.298828125 0.39453125
vt 0.396484375 0.39453125
vt 0.689453125 0.67578125
vt 0.689453125 0.69140625
vt 0.591796875 0.69140625
vt 0.591796875 0.67578125
vt 0.654296875 0.171875
vt 0.662109375 0.171875
vt 0.662109375 0.26953125
vt 0.654296875 0.26953125
vt 0.671875 0.171875
vt 0.671875 0.26953125
vt 0.6640625 0.26953125
vt 0.6640625 0.171875
vt 0.291015625 0.619140625
vt 0.291015625 0.634765625
vt 0.283203125 0.634765625
vt 0.283203125 0.619140625
vt 0.30078125 0.623046875
vt 0.29296875 0.623046875
vt 0.29296875 0.607421875
vt 0.30078125 0.607421875
vt 0.689453125 0.5078125
vt 0.591796875 0.5078125
vt 0.591796875 0.4921875
vt 0.689453125 0.4921875
vt 0.09765625 0.390625
vt 0.09765625 0.40625
vt 0 0.40625
vt 0 0.390625
vt 0.673828125 0.171875
vt 0.681640625 0.171875
vt 0.681640625 0.26953125
vt 0.673828125 0.26953125
vt 0.69140625 0.171875
vt 0.69140625 0.26953125
vt 0.68359375 0.26953125
vt 0.68359375 0.171875
vt 0.283203125 0.6015625
vt 0.283203125 0.6171875
vt 0.275390625 0.6171875
vt 0.275390625 0.6015625
vt 0.0703125 0.60546875
vt 0.0625 0.60546875
vt 0.0625 0.58984375
vt 0.0703125 0.58984375
vt 0.69140625 0.982421875
vt 0.59375 0.982421875
vt 0.59375 0.966796875
vt 0.69140625 0.966796875
vt 0.69140625 0.8125
vt 0.69140625 0.828125
vt 0.59375 0.828125
vt 0.59375 0.8125
vt 0.693359375 0.171875
vt 0.701171875 0.171875
vt 0.701171875 0.26953125
vt 0.693359375 0.26953125
vt 0.7109375 0.171875
vt 0.7109375 0.26953125
vt 0.703125 0.26953125
vt 0.703125 0.171875
vt 0.29296875 0.58984375
vt 0.29296875 0.60546875
vt 0.28515625 0.60546875
vt 0.28515625 0.58984375
vt 0.302734375 0.60546875
vt 0.294921875 0.60546875
vt 0.294921875 0.58984375
vt 0.302734375 0.58984375
vt 0.693359375 0.791015625
vt 0.595703125 0.791015625
vt 0.595703125 0.775390625
vt 0.693359375 0.775390625
vt 0.693359375 0.740234375
vt 0.693359375 0.755859375
vt 0.595703125 0.755859375
vt 0.595703125 0.740234375
vt 0.712890625 0.171875
vt 0.720703125 0.171875
vt 0.720703125 0.26953125
vt 0.712890625 0.26953125
vt 0.73046875 0.171875
vt 0.73046875 0.26953125
vt 0.72265625 0.26953125
vt 0.72265625 0.171875
vt 0.283203125 0.583984375
vt 0.283203125 0.599609375
vt 0.275390625 0.599609375
vt 0.275390625 0.583984375
vt 0.060546875 0.59375
vt 0.052734375 0.59375
vt 0.052734375 0.578125
vt 0.060546875 0.578125
vt 0.6953125 0.7734375
vt 0.59765625 0.7734375
vt 0.59765625 0.7578125
vt 0.6953125 0.7578125
vt 0.6953125 0.658203125
vt 0.6953125 0.673828125
vt 0.59765625 0.673828125
vt 0.59765625 0.658203125
vt 0.732421875 0.171875
vt 0.740234375 0.171875
vt 0.740234375 0.26953125
vt 0.732421875 0.26953125
vt 0.0078125 0.166015625
vt 0.0078125 0.263671875
vt 0 0.263671875
vt 0 0.166015625
vt 0.0703125 0.572265625
vt 0.0703125 0.587890625
vt 0.0625 0.587890625
vt 0.0625 0.572265625
vt 0.060546875 0.576171875
vt 0.052734375 0.576171875
vt 0.052734375 0.560546875
vt 0.060546875 0.560546875
vt 0.49609375 0.40234375
vt 0.3984375 0.40234375
vt 0.3984375 0.38671875
vt 0.49609375 0.38671875
vt 0.595703125 0.38671875
vt 0.595703125 0.40234375
vt 0.498046875 0.40234375
vt 0.498046875 0.38671875
vt 0.009765625 0.166015625
vt 0.017578125 0.166015625
vt 0.017578125 0.263671875
vt 0.009765625 0.263671875
vt 0.02734375 0.166015625
vt 0.02734375 0.263671875
vt 0.01953125 0.263671875
vt 0.01953125 0.166015625
vt 0.21875 0.560546875
vt 0.21875 0.576171875
vt 0.2109375 0.576171875
vt 0.2109375 0.560546875
vt 0.0703125 0.5703125
vt 0.0625 0.5703125
vt 0.0625 0.5546875
vt 0.0703125 0.5546875
vt 0.6953125 0.47265625
vt 0.59765625 0.47265625
vt 0.59765625 0.45703125
vt 0.6953125 0.45703125
vt 0.6953125 0.439453125
vt 0.6953125 0.455078125
vt 0.59765625 0.455078125
vt 0.59765625 0.439453125
vt 0.029296875 0.166015625
vt 0.037109375 0.166015625
vt 0.037109375 0.263671875
vt 0.029296875 0.263671875
vt 0.046875 0.166015625
vt 0.046875 0.263671875
vt 0.0390625 0.263671875
vt 0.0390625 0.166015625
vt 0.080078125 0.544921875
vt 0.080078125 0.560546875
vt 0.072265625 0.560546875
vt 0.072265625 0.544921875
vt 0.060546875 0.55859375
vt 0.052734375 0.55859375
vt 0.052734375 0.54296875
vt 0.060546875 0.54296875
vt 0.6953125 0.4375
vt 0.59765625 0.4375
vt 0.59765625 0.421875
vt 0.6953125 0.421875
vt 0.6953125 0.404296875
vt 0.6953125 0.419921875
vt 0.59765625 0.419921875
vt 0.59765625 0.404296875
vt 0.091796875 0.1640625
vt 0.099609375 0.1640625
vt 0.099609375 0.26171875
vt 0.091796875 0.26171875
vt 0.109375 0.1640625
vt 0.109375 0.26171875
vt 0.1015625 0.26171875
vt 0.1015625 0.1640625
vt 0.0703125 0.537109375
vt 0.0703125 0.552734375
vt 0.0625 0.552734375
vt 0.0625 0.537109375
vt 0.08984375 0.546875
vt 0.08203125 0.546875
vt 0.08203125 0.53125
vt 0.08984375 0.53125
vt 0.6953125 0.40234375
vt 0.59765625 0.40234375
vt 0.59765625 0.38671875
vt 0.6953125 0.38671875
vt 0.69921875 0.51171875
vt 0.69921875 0.52734375
vt 0.6015625 0.52734375
vt 0.6015625 0.51171875
vt 0.111328125 0.1640625
vt 0.119140625 0.1640625
vt 0.119140625 0.26171875
vt 0.111328125 0.26171875
vt 0.12890625 0.1640625
vt 0.12890625 0.26171875
vt 0.12109375 0.26171875
vt 0.12109375 0.1640625
vt 0.318359375 0.5234375
vt 0.318359375 0.5390625
vt 0.310546875 0.5390625
vt 0.310546875 0.5234375
vt 0.29296875 0.53515625
vt 0.28515625 0.53515625
vt 0.28515625 0.51953125
vt 0.29296875 0.51953125
vt 0.703125 0.96484375
vt 0.60546875 0.96484375
vt 0.60546875 0.94921875
vt 0.703125 0.94921875
vt 0.197265625 0.37890625
vt 0.197265625 0.39453125
vt 0.099609375 0.39453125
vt 0.099609375 0.37890625
vt 0.130859375 0.1640625
vt 0.138671875 0.1640625
vt 0.138671875 0.26171875
vt 0.130859375 0.26171875
vt 0.1484375 0.1640625
vt 0.1484375 0.26171875
vt 0.140625 0.26171875
vt 0.140625 0.1640625
vt 0.302734375 0.51953125
vt 0.302734375 0.53515625
vt 0.294921875 0.53515625
vt 0.294921875 0.51953125
vt 0.3125 0.521484375
vt 0.3046875 0.521484375
vt 0.3046875 0.505859375
vt 0.3125 0.505859375
vt 0.703125 0.845703125
vt 0.60546875 0.845703125
vt 0.60546875 0.830078125
vt 0.703125 0.830078125
vt 0.296875 0.37890625
vt 0.296875 0.39453125
vt 0.19921875 0.39453125
vt 0.19921875 0.37890625
vt 0.150390625 0.1640625
vt 0.158203125 0.1640625
vt 0.158203125 0.26171875
vt 0.150390625 0.26171875
vt 0.16796875 0.1640625
vt 0.16796875 0.26171875
vt 0.16015625 0.26171875
vt 0.16015625 0.1640625
vt 0.322265625 0.505859375
vt 0.322265625 0.521484375
vt 0.314453125 0.521484375
vt 0.314453125 0.505859375
vt 0.291015625 0.517578125
vt 0.283203125 0.517578125
vt 0.283203125 0.501953125
vt 0.291015625 0.501953125
vt 0.396484375 0.392578125
vt 0.298828125 0.392578125
vt 0.298828125 0.376953125
vt 0.396484375 0.376953125
vt 0.705078125 0.640625
vt 0.705078125 0.65625
vt 0.607421875 0.65625
vt 0.607421875 0.640625
vt 0.169921875 0.1640625
vt 0.177734375 0.1640625
vt 0.177734375 0.26171875
vt 0.169921875 0.26171875
vt 0.1875 0.1640625
vt 0.1875 0.26171875
vt 0.1796875 0.26171875
vt 0.1796875 0.1640625
vt 0.30078125 0.501953125
vt 0.30078125 0.517578125
vt 0.29296875 0.517578125
vt 0.29296875 0.501953125
vt 0.8125 0.970703125
vt 0.8046875 0.970703125
vt 0.8046875 0.955078125
vt 0.8125 0.955078125
vt 0.794921875 0.419921875
vt 0.697265625 0.419921875
vt 0.697265625 0.404296875
vt 0.794921875 0.404296875
vt 0.79296875 0.77734375
vt 0.79296875 0.79296875
vt 0.6953125 0.79296875
vt 0.6953125 0.77734375
vt 0.89453125 0.40625
vt 0.89453125 0.4140625
vt 0.796875 0.4140625
vt 0.796875 0.40625
vt 0.89453125 0.3359375
vt 0.796875 0.3359375
vt 0.796875 0.328125
vt 0.89453125 0.328125
vt 0.8125 0.849609375
vt 0.8125 0.865234375
vt 0.8046875 0.865234375
vt 0.8046875 0.849609375
vt 0.0546875 0.9921875
vt 0.0546875 1
vt 0.0390625 1
vt 0.0390625 0.9921875
vt 0.794921875 0.40234375
vt 0.697265625 0.40234375
vt 0.697265625 0.38671875
vt 0.794921875 0.38671875
vt 0.79296875 0.740234375
vt 0.79296875 0.755859375
vt 0.6953125 0.755859375
vt 0.6953125 0.740234375
vt 0.89453125 0.396484375
vt 0.89453125 0.404296875
vt 0.796875 0.404296875
vt 0.796875 0.396484375
vt 0.89453125 0.326171875
vt 0.796875 0.326171875
vt 0.796875 0.318359375
vt 0.89453125 0.318359375
vt 0.814453125 0.646484375
vt 0.814453125 0.662109375
vt 0.806640625 0.662109375
vt 0.806640625 0.646484375
vt 0.212890625 0.837890625
vt 0.212890625 0.845703125
vt 0.197265625 0.845703125
vt 0.197265625 0.837890625
vt 0.794921875 0.384765625
vt 0.697265625 0.384765625
vt 0.697265625 0.369140625
vt 0.794921875 0.369140625
vt 0.396484375 0.2890625
vt 0.396484375 0.3046875
vt 0.298828125 0.3046875
vt 0.298828125 0.2890625
vt 0.89453125 0.38671875
vt 0.89453125 0.39453125
vt 0.796875 0.39453125
vt 0.796875 0.38671875
vt 0.89453125 0.31640625
vt 0.796875 0.31640625
vt 0.796875 0.30859375
vt 0.89453125 0.30859375
vt 0.779296875 0.17578125
vt 0.779296875 0.19140625
vt 0.771484375 0.19140625
vt 0.771484375 0.17578125
vt 0.0546875 0.79296875
vt 0.0546875 0.80078125
vt 0.0390625 0.80078125
vt 0.0390625 0.79296875
vt 0.794921875 0.3671875
vt 0.697265625 0.3671875
vt 0.697265625 0.3515625
vt 0.794921875 0.3515625
vt 0.794921875 0.759765625
vt 0.794921875 0.775390625
vt 0.697265625 0.775390625
vt 0.697265625 0.759765625
vt 0.89453125 0.376953125
vt 0.89453125 0.384765625
vt 0.796875 0.384765625
vt 0.796875 0.376953125
vt 0.89453125 0.306640625
vt 0.796875 0.306640625
vt 0.796875 0.298828125
vt 0.89453125 0.298828125
vt 0.7890625 0.17578125
vt 0.7890625 0.19140625
vt 0.78125 0.19140625
vt 0.78125 0.17578125
vt 0.224609375 0.865234375
vt 0.224609375 0.873046875
vt 0.208984375 0.873046875
vt 0.208984375 0.865234375
vt 0.794921875 0.349609375
vt 0.697265625 0.349609375
vt 0.697265625 0.333984375
vt 0.794921875 0.333984375
vt 0.794921875 0.658203125
vt 0.794921875 0.673828125
vt 0.697265625 0.673828125
vt 0.697265625 0.658203125
vt 0.89453125 0.3671875
vt 0.89453125 0.375
vt 0.796875 0.375
vt 0.796875 0.3671875
vt 0.89453125 0.296875
vt 0.796875 0.296875
vt 0.796875 0.2890625
vt 0.89453125 0.2890625
vt 0.798828125 0.17578125
vt 0.798828125 0.19140625
vt 0.791015625 0.19140625
vt 0.791015625 0.17578125
vt 0.142578125 0.671875
vt 0.142578125 0.6796875
vt 0.126953125 0.6796875
vt 0.126953125 0.671875
vt 0.794921875 0.33203125
vt 0.697265625 0.33203125
vt 0.697265625 0.31640625
vt 0.794921875 0.31640625
vt 0.794921875 0.45703125
vt 0.794921875 0.47265625
vt 0.697265625 0.47265625
vt 0.697265625 0.45703125
vt 0.89453125 0.357421875
vt 0.89453125 0.365234375
vt 0.796875 0.365234375
vt 0.796875 0.357421875
vt 0.869140625 0.201171875
vt 0.771484375 0.201171875
vt 0.771484375 0.193359375
vt 0.869140625 0.193359375
vt 0.80859375 0.17578125
vt 0.80859375 0.19140625
vt 0.80078125 0.19140625
vt 0.80078125 0.17578125
vt 0.365234375 0.9921875
vt 0.365234375 1
vt 0.349609375 1
vt 0.349609375 0.9921875
vt 0.794921875 0.314453125
vt 0.697265625 0.314453125
vt 0.697265625 0.298828125
vt 0.794921875 0.298828125
vt 0.794921875 0.439453125
vt 0.794921875 0.455078125
vt 0.697265625 0.455078125
vt 0.697265625 0.439453125
vt 0.89453125 0.34765625
vt 0.89453125 0.35546875
vt 0.796875 0.35546875
vt 0.796875 0.34765625
vt 0.8984375 0.53125
vt 0.80078125 0.53125
vt 0.80078125 0.5234375
vt 0.8984375 0.5234375
vt 0.818359375 0.17578125
vt 0.818359375 0.19140625
vt 0.810546875 0.19140625
vt 0.810546875 0.17578125
vt 0.3671875 0.681640625
vt 0.3671875 0.689453125
vt 0.3515625 0.689453125
vt 0.3515625 0.681640625
vt 0.09765625 0.388671875
vt 0 0.388671875
vt 0 0.373046875
vt 0.09765625 0.373046875
vt 0.7109375 0.53125
vt 0.7109375 0.546875
vt 0.61328125 0.546875
vt 0.61328125 0.53125
vt 0.189453125 0.1640625
vt 0.197265625 0.1640625
vt 0.197265625 0.26171875
vt 0.189453125 0.26171875
vt 0.20703125 0.1640625
vt 0.20703125 0.26171875
vt 0.19921875 0.26171875
vt 0.19921875 0.1640625
vt 0.357421875 0.171875
vt 0.357421875 0.1875
vt 0.349609375 0.1875
vt 0.349609375 0.171875
vt 0.3671875 0.1875
vt 0.359375 0.1875
vt 0.359375 0.171875
vt 0.3671875 0.171875
vt 0.712890625 0.947265625
vt 0.615234375 0.947265625
vt 0.615234375 0.931640625
vt 0.712890625 0.931640625
vt 0.712890625 0.861328125
vt 0.712890625 0.876953125
vt 0.615234375 0.876953125
vt 0.615234375 0.861328125
vt 0.208984375 0.1640625
vt 0.216796875 0.1640625
vt 0.216796875 0.26171875
vt 0.208984375 0.26171875
vt 0.2265625 0.1640625
vt 0.2265625 0.26171875
vt 0.21875 0.26171875
vt 0.21875 0.1640625
vt 0.376953125 0.171875
vt 0.376953125 0.1875
vt 0.369140625 0.1875
vt 0.369140625 0.171875
vt 0.38671875 0.1875
vt 0.37890625 0.1875
vt 0.37890625 0.171875
vt 0.38671875 0.171875
vt 0.49609375 0.384765625
vt 0.3984375 0.384765625
vt 0.3984375 0.369140625
vt 0.49609375 0.369140625
vt 0.595703125 0.369140625
vt 0.595703125 0.384765625
vt 0.498046875 0.384765625
vt 0.498046875 0.369140625
vt 0.228515625 0.1640625
vt 0.236328125 0.1640625
vt 0.236328125 0.26171875
vt 0.228515625 0.26171875
vt 0.24609375 0.1640625
vt 0.24609375 0.26171875
vt 0.23828125 0.26171875
vt 0.23828125 0.1640625
vt 0.822265625 0.955078125
vt 0.822265625 0.970703125
vt 0.814453125 0.970703125
vt 0.814453125 0.955078125
vt 0.822265625 0.865234375
vt 0.814453125 0.865234375
vt 0.814453125 0.849609375
vt 0.822265625 0.849609375
vt 0.6953125 0.384765625
vt 0.59765625 0.384765625
vt 0.59765625 0.369140625
vt 0.6953125 0.369140625
vt 0.71484375 0.9140625
vt 0.71484375 0.9296875
vt 0.6171875 0.9296875
vt 0.6171875 0.9140625
vt 0.248046875 0.1640625
vt 0.255859375 0.1640625
vt 0.255859375 0.26171875
vt 0.248046875 0.26171875
vt 0.265625 0.1640625
vt 0.265625 0.26171875
vt 0.2578125 0.26171875
vt 0.2578125 0.1640625
vt 0.056640625 0.16796875
vt 0.056640625 0.18359375
vt 0.048828125 0.18359375
vt 0.048828125 0.16796875
vt 0.06640625 0.18359375
vt 0.05859375 0.18359375
vt 0.05859375 0.16796875
vt 0.06640625 0.16796875
vt 0.71484375 0.912109375
vt 0.6171875 0.912109375
vt 0.6171875 0.896484375
vt 0.71484375 0.896484375
vt 0.71484375 0.87890625
vt 0.71484375 0.89453125
vt 0.6171875 0.89453125
vt 0.6171875 0.87890625
vt 0.267578125 0.1640625
vt 0.275390625 0.1640625
vt 0.275390625 0.26171875
vt 0.267578125 0.26171875
vt 0.28515625 0.1640625
vt 0.28515625 0.26171875
vt 0.27734375 0.26171875
vt 0.27734375 0.1640625
vt 0.076171875 0.16796875
vt 0.076171875 0.18359375
vt 0.068359375 0.18359375
vt 0.068359375 0.16796875
vt 0.0859375 0.18359375
vt 0.078125 0.18359375
vt 0.078125 0.16796875
vt 0.0859375 0.16796875
vt 0.09765625 0.30078125
vt 0 0.30078125
vt 0 0.28515625
vt 0.09765625 0.28515625
vt 0.794921875 0.421875
vt 0.794921875 0.4375
vt 0.697265625 0.4375
vt 0.697265625 0.421875
vt 0.89453125 0.337890625
vt 0.89453125 0.345703125
vt 0.796875 0.345703125
vt 0.796875 0.337890625
vt 0.8984375 0.521484375
vt 0.80078125 0.521484375
vt 0.80078125 0.513671875
vt 0.8984375 0.513671875
vt 0.82421875 0.646484375
vt 0.82421875 0.662109375
vt 0.81640625 0.662109375
vt 0.81640625 0.646484375
vt 0.220703125 0.630859375
vt 0.220703125 0.638671875
vt 0.205078125 0.638671875
vt 0.205078125 0.630859375
vt 0.7578125 0.490234375
vt 0.66015625 0.490234375
vt 0.66015625 0.474609375
vt 0.7578125 0.474609375
vt 0.716796875 0.587890625
vt 0.716796875 0.603515625
vt 0.619140625 0.603515625
vt 0.619140625 0.587890625
vt 0.857421875 0.484375
vt 0.857421875 0.4921875
vt 0.759765625 0.4921875
vt 0.759765625 0.484375
vt 0.888671875 0.69140625
vt 0.791015625 0.69140625
vt 0.791015625 0.68359375
vt 0.888671875 0.68359375
vt 0.82421875 0.271484375
vt 0.82421875 0.287109375
vt 0.81640625 0.287109375
vt 0.81640625 0.271484375
vt 0.30078125 0.580078125
vt 0.30078125 0.587890625
vt 0.28515625 0.587890625
vt 0.28515625 0.580078125
vt 0.09765625 0.3359375
vt 0 0.3359375
vt 0 0.3203125
vt 0.09765625 0.3203125
vt 0.716796875 0.5703125
vt 0.716796875 0.5859375
vt 0.619140625 0.5859375
vt 0.619140625 0.5703125
vt 0.857421875 0.474609375
vt 0.857421875 0.482421875
vt 0.759765625 0.482421875
vt 0.759765625 0.474609375
vt 0.888671875 0.51171875
vt 0.791015625 0.51171875
vt 0.791015625 0.50390625
vt 0.888671875 0.50390625
vt 0.826171875 0.62890625
vt 0.826171875 0.64453125
vt 0.818359375 0.64453125
vt 0.818359375 0.62890625
vt 0.236328125 0.5625
vt 0.236328125 0.5703125
vt 0.220703125 0.5703125
vt 0.220703125 0.5625
vt 0.49609375 0.33203125
vt 0.3984375 0.33203125
vt 0.3984375 0.31640625
vt 0.49609375 0.31640625
vt 0.716796875 0.552734375
vt 0.716796875 0.568359375
vt 0.619140625 0.568359375
vt 0.619140625 0.552734375
vt 0.86328125 0.54296875
vt 0.86328125 0.55078125
vt 0.765625 0.55078125
vt 0.765625 0.54296875
vt 0.888671875 0.501953125
vt 0.791015625 0.501953125
vt 0.791015625 0.494140625
vt 0.888671875 0.494140625
vt 0.826171875 0.611328125
vt 0.826171875 0.626953125
vt 0.818359375 0.626953125
vt 0.818359375 0.611328125
vt 0.25390625 0.5625
vt 0.25390625 0.5703125
vt 0.23828125 0.5703125
vt 0.23828125 0.5625
vt 0.197265625 0.341796875
vt 0.099609375 0.341796875
vt 0.099609375 0.326171875
vt 0.197265625 0.326171875
vt 0.197265625 0.361328125
vt 0.197265625 0.376953125
vt 0.099609375 0.376953125
vt 0.099609375 0.361328125
vt 0.830078125 0.720703125
vt 0.830078125 0.728515625
vt 0.732421875 0.728515625
vt 0.732421875 0.720703125
vt 0.890625 0.990234375
vt 0.79296875 0.990234375
vt 0.79296875 0.982421875
vt 0.890625 0.982421875
vt 0.826171875 0.59375
vt 0.826171875 0.609375
vt 0.818359375 0.609375
vt 0.818359375 0.59375
vt 0.4765625 0.681640625
vt 0.4765625 0.689453125
vt 0.4609375 0.689453125
vt 0.4609375 0.681640625
vt 0.296875 0.341796875
vt 0.19921875 0.341796875
vt 0.19921875 0.326171875
vt 0.296875 0.326171875
vt 0.296875 0.361328125
vt 0.296875 0.376953125
vt 0.19921875 0.376953125
vt 0.19921875 0.361328125
vt 0.83984375 0.9921875
vt 0.83984375 1
vt 0.7421875 1
vt 0.7421875 0.9921875
vt 0.890625 0.98046875
vt 0.79296875 0.98046875
vt 0.79296875 0.97265625
vt 0.890625 0.97265625
vt 0.826171875 0.576171875
vt 0.826171875 0.591796875
vt 0.818359375 0.591796875
vt 0.818359375 0.576171875
vt 0.115234375 0.50390625
vt 0.115234375 0.51171875
vt 0.099609375 0.51171875
vt 0.099609375 0.50390625
vt 0.396484375 0.33984375
vt 0.298828125 0.33984375
vt 0.298828125 0.32421875
vt 0.396484375 0.32421875
vt 0.396484375 0.359375
vt 0.396484375 0.375
vt 0.298828125 0.375
vt 0.298828125 0.359375
vt 0.83984375 0.802734375
vt 0.83984375 0.810546875
vt 0.7421875 0.810546875
vt 0.7421875 0.802734375
vt 0.890625 0.83203125
vt 0.79296875 0.83203125
vt 0.79296875 0.82421875
vt 0.890625 0.82421875
vt 0.826171875 0.55859375
vt 0.826171875 0.57421875
vt 0.818359375 0.57421875
vt 0.818359375 0.55859375
vt 0.1328125 0.50390625
vt 0.1328125 0.51171875
vt 0.1171875 0.51171875
vt 0.1171875 0.50390625
vt 0.595703125 0.33203125
vt 0.498046875 0.33203125
vt 0.498046875 0.31640625
vt 0.595703125 0.31640625
vt 0.09765625 0.35546875
vt 0.09765625 0.37109375
vt 0 0.37109375
vt 0 0.35546875
vt 0.86328125 0.533203125
vt 0.86328125 0.541015625
vt 0.765625 0.541015625
vt 0.765625 0.533203125
vt 0.890625 0.822265625
vt 0.79296875 0.822265625
vt 0.79296875 0.814453125
vt 0.890625 0.814453125
vt 0.396484375 0.1640625
vt 0.396484375 0.1796875
vt 0.388671875 0.1796875
vt 0.388671875 0.1640625
vt 0.150390625 0.50390625
vt 0.150390625 0.51171875
vt 0.134765625 0.51171875
vt 0.134765625 0.50390625
vt 0.6953125 0.33203125
vt 0.59765625 0.33203125
vt 0.59765625 0.31640625
vt 0.6953125 0.31640625
vt 0.728515625 0.693359375
vt 0.728515625 0.708984375
vt 0.630859375 0.708984375
vt 0.630859375 0.693359375
vt 0.865234375 0.939453125
vt 0.865234375 0.947265625
vt 0.767578125 0.947265625
vt 0.767578125 0.939453125
vt 0.892578125 0.80078125
vt 0.794921875 0.80078125
vt 0.794921875 0.79296875
vt 0.892578125 0.79296875
vt 0.40625 0.1640625
vt 0.40625 0.1796875
vt 0.3984375 0.1796875
vt 0.3984375 0.1640625
vt 0.16796875 0.50390625
vt 0.16796875 0.51171875
vt 0.15234375 0.51171875
vt 0.15234375 0.50390625
vt 0.197265625 0.32421875
vt 0.099609375 0.32421875
vt 0.099609375 0.30859375
vt 0.197265625 0.30859375
vt 0.73046875 0.72265625
vt 0.73046875 0.73828125
vt 0.6328125 0.73828125
vt 0.6328125 0.72265625
vt 0.865234375 0.876953125
vt 0.865234375 0.884765625
vt 0.767578125 0.884765625
vt 0.767578125 0.876953125
vt 0.892578125 0.791015625
vt 0.794921875 0.791015625
vt 0.794921875 0.783203125
vt 0.892578125 0.783203125
vt 0.416015625 0.1640625
vt 0.416015625 0.1796875
vt 0.408203125 0.1796875
vt 0.408203125 0.1640625
vt 0.3671875 0.482421875
vt 0.3671875 0.490234375
vt 0.3515625 0.490234375
vt 0.3515625 0.482421875
vt 0.296875 0.32421875
vt 0.19921875 0.32421875
vt 0.19921875 0.30859375
vt 0.296875 0.30859375
vt 0.49609375 0.3515625
vt 0.49609375 0.3671875
vt 0.3984375 0.3671875
vt 0.3984375 0.3515625
vt 0.865234375 0.8671875
vt 0.865234375 0.875
vt 0.767578125 0.875
vt 0.767578125 0.8671875
vt 0.892578125 0.7578125
vt 0.794921875 0.7578125
vt 0.794921875 0.75
vt 0.892578125 0.75
vt 0.42578125 0.1640625
vt 0.42578125 0.1796875
vt 0.41796875 0.1796875
vt 0.41796875 0.1640625
vt 0.533203125 0.869140625
vt 0.533203125 0.876953125
vt 0.517578125 0.876953125
vt 0.517578125 0.869140625
vt 0.396484375 0.322265625
vt 0.298828125 0.322265625
vt 0.298828125 0.306640625
vt 0.396484375 0.306640625
vt 0.595703125 0.3515625
vt 0.595703125 0.3671875
vt 0.498046875 0.3671875
vt 0.498046875 0.3515625
vt 0.8671875 0.9296875
vt 0.8671875 0.9375
vt 0.76953125 0.9375
vt 0.76953125 0.9296875
vt 0.892578125 0.748046875
vt 0.794921875 0.748046875
vt 0.794921875 0.740234375
vt 0.892578125 0.740234375
vt 0.435546875 0.1640625
vt 0.435546875 0.1796875
vt 0.427734375 0.1796875
vt 0.427734375 0.1640625
vt 0.54296875 0.748046875
vt 0.54296875 0.755859375
vt 0.52734375 0.755859375
vt 0.52734375 0.748046875
vt 0.09765625 0.318359375
vt 0 0.318359375
vt 0 0.302734375
vt 0.09765625 0.302734375
vt 0.6953125 0.3515625
vt 0.6953125 0.3671875
vt 0.59765625 0.3671875
vt 0.59765625 0.3515625
vt 0.8671875 0.919921875
vt 0.8671875 0.927734375
vt 0.76953125 0.927734375
vt 0.76953125 0.919921875
vt 0.89453125 0.78125
vt 0.796875 0.78125
vt 0.796875 0.7734375
vt 0.89453125 0.7734375
vt 0.4453125 0.1640625
vt 0.4453125 0.1796875
vt 0.4375 0.1796875
vt 0.4375 0.1640625
vt 0.55078125 0.869140625
vt 0.55078125 0.876953125
vt 0.53515625 0.876953125
vt 0.53515625 0.869140625
vt 0.49609375 0.314453125
vt 0.3984375 0.314453125
vt 0.3984375 0.298828125
vt 0.49609375 0.298828125
vt 0.197265625 0.34375
vt 0.197265625 0.359375
vt 0.099609375 0.359375
vt 0.099609375 0.34375
vt 0.8671875 0.91015625
vt 0.8671875 0.91796875
vt 0.76953125 0.91796875
vt 0.76953125 0.91015625
vt 0.89453125 0.771484375
vt 0.796875 0.771484375
vt 0.796875 0.763671875
vt 0.89453125 0.763671875
vt 0.455078125 0.1640625
vt 0.455078125 0.1796875
vt 0.447265625 0.1796875
vt 0.447265625 0.1640625
vt 0.560546875 0.748046875
vt 0.560546875 0.755859375
vt 0.544921875 0.755859375
vt 0.544921875 0.748046875
vt 0.595703125 0.314453125
vt 0.498046875 0.314453125
vt 0.498046875 0.298828125
vt 0.595703125 0.298828125
vt 0.296875 0.34375
vt 0.296875 0.359375
vt 0.19921875 0.359375
vt 0.19921875 0.34375
vt 0.8671875 0.900390625
vt 0.8671875 0.908203125
vt 0.76953125 0.908203125
vt 0.76953125 0.900390625
vt 0.89453125 0.681640625
vt 0.796875 0.681640625
vt 0.796875 0.673828125
vt 0.89453125 0.673828125
vt 0.46484375 0.1640625
vt 0.46484375 0.1796875
vt 0.45703125 0.1796875
vt 0.45703125 0.1640625
vt 0.568359375 0.869140625
vt 0.568359375 0.876953125
vt 0.552734375 0.876953125
vt 0.552734375 0.869140625
vt 0.6953125 0.314453125
vt 0.59765625 0.314453125
vt 0.59765625 0.298828125
vt 0.6953125 0.298828125
vt 0.740234375 0.984375
vt 0.740234375 1
vt 0.642578125 1
vt 0.642578125 0.984375
vt 0.869140625 0.26171875
vt 0.869140625 0.26953125
vt 0.771484375 0.26953125
vt 0.771484375 0.26171875
vt 0.89453125 0.671875
vt 0.796875 0.671875
vt 0.796875 0.6640625
vt 0.89453125 0.6640625
vt 0.474609375 0.1640625
vt 0.474609375 0.1796875
vt 0.466796875 0.1796875
vt 0.466796875 0.1640625
vt 0.578125 0.748046875
vt 0.578125 0.755859375
vt 0.5625 0.755859375
vt 0.5625 0.748046875
vt 0.7890625 0.69140625
vt 0.69140625 0.69140625
vt 0.69140625 0.67578125
vt 0.7890625 0.67578125
vt 0.740234375 0.794921875
vt 0.740234375 0.810546875
vt 0.642578125 0.810546875
vt 0.642578125 0.794921875
vt 0.869140625 0.251953125
vt 0.869140625 0.259765625
vt 0.771484375 0.259765625
vt 0.771484375 0.251953125
vt 0.89453125 0.47265625
vt 0.796875 0.47265625
vt 0.796875 0.46484375
vt 0.89453125 0.46484375
vt 0.484375 0.1640625
vt 0.484375 0.1796875
vt 0.4765625 0.1796875
vt 0.4765625 0.1640625
vt 0.5859375 0.869140625
vt 0.5859375 0.876953125
vt 0.5703125 0.876953125
vt 0.5703125 0.869140625
vt 0.7890625 0.509765625
vt 0.69140625 0.509765625
vt 0.69140625 0.494140625
vt 0.7890625 0.494140625
vt 0.396484375 0.341796875
vt 0.396484375 0.357421875
vt 0.298828125 0.357421875
vt 0.298828125 0.341796875
vt 0.869140625 0.2421875
vt 0.869140625 0.25
vt 0.771484375 0.25
vt 0.771484375 0.2421875
vt 0.89453125 0.462890625
vt 0.796875 0.462890625
vt 0.796875 0.455078125
vt 0.89453125 0.455078125
vt 0.494140625 0.1640625
vt 0.494140625 0.1796875
vt 0.486328125 0.1796875
vt 0.486328125 0.1640625
vt 0.603515625 0.869140625
vt 0.603515625 0.876953125
vt 0.587890625 0.876953125
vt 0.587890625 0.869140625
vt 0.791015625 0.982421875
vt 0.693359375 0.982421875
vt 0.693359375 0.966796875
vt 0.791015625 0.966796875
vt 0.09765625 0.337890625
vt 0.09765625 0.353515625
vt 0 0.353515625
vt 0 0.337890625
vt 0.869140625 0.232421875
vt 0.869140625 0.240234375
vt 0.771484375 0.240234375
vt 0.771484375 0.232421875
vt 0.89453125 0.453125
vt 0.796875 0.453125
vt 0.796875 0.4453125
vt 0.89453125 0.4453125
vt 0.50390625 0.1640625
vt 0.50390625 0.1796875
vt 0.49609375 0.1796875
vt 0.49609375 0.1640625
vt 0.611328125 0.73046875
vt 0.611328125 0.73828125
vt 0.595703125 0.73828125
vt 0.595703125 0.73046875
vt 0.197265625 0.306640625
vt 0.099609375 0.306640625
vt 0.099609375 0.291015625
vt 0.197265625 0.291015625
vt 0.49609375 0.333984375
vt 0.49609375 0.349609375
vt 0.3984375 0.349609375
vt 0.3984375 0.333984375
vt 0.869140625 0.22265625
vt 0.869140625 0.23046875
vt 0.771484375 0.23046875
vt 0.771484375 0.22265625
vt 0.89453125 0.443359375
vt 0.796875 0.443359375
vt 0.796875 0.435546875
vt 0.89453125 0.435546875
vt 0.513671875 0.1640625
vt 0.513671875 0.1796875
vt 0.505859375 0.1796875
vt 0.505859375 0.1640625
vt 0.62890625 0.73046875
vt 0.62890625 0.73828125
vt 0.61328125 0.73828125
vt 0.61328125 0.73046875
vt 0.791015625 0.828125
vt 0.693359375 0.828125
vt 0.693359375 0.8125
vt 0.791015625 0.8125
vt 0.595703125 0.333984375
vt 0.595703125 0.349609375
vt 0.498046875 0.349609375
vt 0.498046875 0.333984375
vt 0.869140625 0.212890625
vt 0.869140625 0.220703125
vt 0.771484375 0.220703125
vt 0.771484375 0.212890625
vt 0.89453125 0.43359375
vt 0.796875 0.43359375
vt 0.796875 0.42578125
vt 0.89453125 0.42578125
vt 0.828125 0.17578125
vt 0.828125 0.19140625
vt 0.8203125 0.19140625
vt 0.8203125 0.17578125
vt 0.630859375 0.8515625
vt 0.630859375 0.859375
vt 0.615234375 0.859375
vt 0.615234375 0.8515625
vt 0.296875 0.306640625
vt 0.19921875 0.306640625
vt 0.19921875 0.291015625
vt 0.296875 0.291015625
vt 0.6953125 0.333984375
vt 0.6953125 0.349609375
vt 0.59765625 0.349609375
vt 0.59765625 0.333984375
vt 0.869140625 0.203125
vt 0.869140625 0.2109375
vt 0.771484375 0.2109375
vt 0.771484375 0.203125
vt 0.89453125 0.423828125
vt 0.796875 0.423828125
vt 0.796875 0.416015625
vt 0.89453125 0.416015625
vt 0.83203125 0.955078125
vt 0.83203125 0.970703125
vt 0.82421875 0.970703125
vt 0.82421875 0.955078125
vt 0.6484375 0.8515625
vt 0.6484375 0.859375
vt 0.6328125 0.859375
vt 0.6328125 0.8515625
vt 0.71484375 0.638671875
vt 0.6171875 0.638671875
vt 0.6171875 0.623046875
vt 0.71484375 0.623046875
vt 0.716796875 0.60546875
vt 0.716796875 0.62109375
vt 0.619140625 0.62109375
vt 0.619140625 0.60546875
vt 0.7421875 0.171875
vt 0.75 0.171875
vt 0.75 0.26953125
vt 0.7421875 0.26953125
vt 0.759765625 0.171875
vt 0.759765625 0.26953125
vt 0.751953125 0.26953125
vt 0.751953125 0.171875
vt 0.83203125 0.849609375
vt 0.83203125 0.865234375
vt 0.82421875 0.865234375
vt 0.82421875 0.849609375
vt 0.833984375 0.662109375
vt 0.826171875 0.662109375
vt 0.826171875 0.646484375
vt 0.833984375 0.646484375
vt 0.802734375 0.859375
vt 0.705078125 0.859375
vt 0.705078125 0.84375
vt 0.802734375 0.84375
vt 0.296875 0.2734375
vt 0.296875 0.2890625
vt 0.19921875 0.2890625
vt 0.19921875 0.2734375
vt 0.76171875 0.171875
vt 0.76953125 0.171875
vt 0.76953125 0.26953125
vt 0.76171875 0.26953125
vt 0.732421875 0.73046875
vt 0.830078125 0.73046875
vt 0.830078125 0.73828125
vt 0.732421875 0.73828125
vt 0.8359375 0.59375
vt 0.8359375 0.609375
vt 0.828125 0.609375
vt 0.828125 0.59375
vt 0.828125 0.173828125
vt 0.8203125 0.173828125
vt 0.8203125 0.158203125
vt 0.828125 0.158203125
vt 0.2474859375 0.9916265625
vt 0.2329828125 1
vt 0.224609375 0.96875
vt 0.74860771484375 0.931640625
vt 0.76535458984375 0.931640625
vt 0.76535458984375 0.947265625
vt 0.74860771484375 0.947265625
vt 0.2486078125 0.873046875
vt 0.26311093750000003 0.8814203125
vt 0.240234375 0.904296875
vt 0.255859375 0.9771234375
vt 0.2474859375 0.9916265625
vt 0.224609375 0.96875
vt 0.2990984375 0.271484375
vt 0.3158453125 0.271484375
vt 0.3158453125 0.287109375
vt 0.2990984375 0.287109375
vt 0.26311093750000003 0.8814203125
vt 0.271484375 0.8959234375
vt 0.240234375 0.904296875
vt 0.255859375 0.9603765625
vt 0.255859375 0.9771234375
vt 0.224609375 0.96875
vt 0.3158453125 0.271484375
vt 0.33259218749999997 0.271484375
vt 0.33259218749999997 0.287109375
vt 0.3158453125 0.287109375
vt 0.271484375 0.8959234375
vt 0.271484375 0.9126703125
vt 0.240234375 0.904296875
vt 0.2474859375 0.9458734375
vt 0.255859375 0.9603765625
vt 0.224609375 0.96875
vt 0.33259218749999997 0.271484375
vt 0.3493390625 0.271484375
vt 0.3493390625 0.287109375
vt 0.33259218749999997 0.287109375
vt 0.271484375 0.9126703125
vt 0.26311093750000003 0.9271734375
vt 0.240234375 0.904296875
vt 0.2329828125 0.9375
vt 0.2474859375 0.9458734375
vt 0.224609375 0.96875
vt 0.00027041015624999776 0.267578125
vt 0.017017089843749993 0.267578125
vt 0.017017089843749996 0.283203125
vt 0.0002704101562500012 0.283203125
vt 0.26311093750000003 0.9271734375
vt 0.2486078125 0.935546875
vt 0.240234375 0.904296875
vt 0.2162359375 0.9375
vt 0.2329828125 0.9375
vt 0.224609375 0.96875
vt 0.017017089843749996 0.267578125
vt 0.033763964843749994 0.267578125
vt 0.033763964843749994 0.283203125
vt 0.017017089843749996 0.283203125
vt 0.2486078125 0.935546875
vt 0.2318609375 0.935546875
vt 0.240234375 0.904296875
vt 0.2017328125 0.9458734375
vt 0.2162359375 0.9375
vt 0.224609375 0.96875
vt 0.033763964843749994 0.267578125
vt 0.05051083984375 0.267578125
vt 0.05051083984375 0.283203125
vt 0.033763964843749994 0.283203125
vt 0.2318609375 0.935546875
vt 0.2173578125 0.9271734375
vt 0.240234375 0.904296875
vt 0.193359375 0.9603765625
vt 0.2017328125 0.9458734375
vt 0.224609375 0.96875
vt 0.71706728515625 0.9140625
vt 0.73381416015625 0.9140625
vt 0.73381416015625 0.9296875
vt 0.71706728515625 0.9296875
vt 0.2173578125 0.9271734375
vt 0.208984375 0.9126703125
vt 0.240234375 0.904296875
vt 0.193359375 0.9771234375
vt 0.193359375 0.9603765625
vt 0.224609375 0.96875
vt 0.73381416015625 0.9140625
vt 0.75056103515625 0.9140625
vt 0.75056103515625 0.9296875
vt 0.73381416015625 0.9296875
vt 0.208984375 0.9126703125
vt 0.208984375 0.8959234375
vt 0.240234375 0.904296875
vt 0.2017328125 0.9916265625
vt 0.193359375 0.9771234375
vt 0.224609375 0.96875
vt 0.75056103515625 0.9140625
vt 0.76730771484375 0.9140625
vt 0.76730771484375 0.9296875
vt 0.75056103515625 0.9296875
vt 0.208984375 0.8959234375
vt 0.2173578125 0.8814203125
vt 0.240234375 0.904296875
vt 0.2162359375 1
vt 0.2017328125 0.9916265625
vt 0.224609375 0.96875
vt 0.71511416015625 0.931640625
vt 0.7318608398437499 0.931640625
vt 0.7318608398437499 0.947265625
vt 0.71511416015625 0.947265625
vt 0.2173578125 0.8814203125
vt 0.2318609375 0.873046875
vt 0.240234375 0.904296875
vt 0.2329828125 1
vt 0.2162359375 1
vt 0.224609375 0.96875
vt 0.7318608398437499 0.931640625
vt 0.74860771484375 0.931640625
vt 0.74860771484375 0.947265625
vt 0.7318608398437499 0.947265625
vt 0.2318609375 0.873046875
vt 0.2486078125 0.873046875
vt 0.240234375 0.904296875
vt 0.31193906250000003 0.9916265625
vt 0.29743593749999997 1
vt 0.2890625 0.96875
vt 0.7466546875 0.53515625
vt 0.7634015625 0.53515625
vt 0.7634015625 0.55078125
vt 0.7466546875 0.55078125
vt 0.0396234375 0.58984375
vt 0.0541265625 0.5982171875
vt 0.03125 0.62109375
vt 0.3203125 0.9771234375
vt 0.31193906250000003 0.9916265625
vt 0.2890625 0.96875
vt 0.00027031249999999105 0.53515625
vt 0.017017187499999992 0.53515625
vt 0.017017187499999992 0.55078125
vt 0.00027031249999999105 0.55078125
vt 0.0541265625 0.5982171875
vt 0.0625 0.6127203125
vt 0.03125 0.62109375
vt 0.3203125 0.9603765625
vt 0.3203125 0.9771234375
vt 0.2890625 0.96875
vt 0.017017187499999992 0.53515625
vt 0.03376406249999998 0.53515625
vt 0.03376406249999998 0.55078125
vt 0.017017187499999992 0.55078125
vt 0.0625 0.6127203125
vt 0.0625 0.6294671875
vt 0.03125 0.62109375
vt 0.31193906250000003 0.9458734375
vt 0.3203125 0.9603765625
vt 0.2890625 0.96875
vt 0.03376406249999998 0.53515625
vt 0.050510937500000005 0.53515625
vt 0.050510937500000005 0.55078125
vt 0.03376406249999998 0.55078125
vt 0.0625 0.6294671875
vt 0.0541265625 0.6439703125
vt 0.03125 0.62109375
vt 0.29743593749999997 0.9375
vt 0.31193906250000003 0.9458734375
vt 0.2890625 0.96875
vt 0.7170672851562501 0.896484375
vt 0.73381416015625 0.896484375
vt 0.73381416015625 0.912109375
vt 0.7170672851562501 0.912109375
vt 0.0541265625 0.6439703125
vt 0.0396234375 0.65234375
vt 0.03125 0.62109375
vt 0.28068906250000003 0.9375
vt 0.29743593749999997 0.9375
vt 0.2890625 0.96875
vt 0.73381416015625 0.896484375
vt 0.75056103515625 0.896484375
vt 0.75056103515625 0.912109375
vt 0.73381416015625 0.912109375
vt 0.0396234375 0.65234375
vt 0.022876562500000003 0.65234375
vt 0.03125 0.62109375
vt 0.26618593749999997 0.9458734375
vt 0.28068906250000003 0.9375
vt 0.2890625 0.96875
vt 0.75056103515625 0.896484375
vt 0.7673077148437499 0.896484375
vt 0.7673077148437499 0.912109375
vt 0.75056103515625 0.912109375
vt 0.022876562500000003 0.65234375
vt 0.008373437499999997 0.6439703125
vt 0.03125 0.62109375
vt 0.2578125 0.9603765625
vt 0.26618593749999997 0.9458734375
vt 0.2890625 0.96875
vt 0.71511416015625 0.861328125
vt 0.7318608398437499 0.861328125
vt 0.7318608398437499 0.876953125
vt 0.71511416015625 0.876953125
vt 0.008373437499999997 0.6439703125
vt 0 0.6294671875
vt 0.03125 0.62109375
vt 0.2578125 0.9771234375
vt 0.2578125 0.9603765625
vt 0.2890625 0.96875
vt 0.7318608398437499 0.861328125
vt 0.74860771484375 0.861328125
vt 0.74860771484375 0.876953125
vt 0.7318608398437499 0.876953125
vt 0 0.6294671875
vt 0 0.6127203125
vt 0.03125 0.62109375
vt 0.26618593749999997 0.9916265625
vt 0.2578125 0.9771234375
vt 0.2890625 0.96875
vt 0.74860771484375 0.861328125
vt 0.76535458984375 0.861328125
vt 0.76535458984375 0.876953125
vt 0.74860771484375 0.876953125
vt 0 0.6127203125
vt 0.008373437499999997 0.5982171875
vt 0.03125 0.62109375
vt 0.28068906250000003 1
vt 0.26618593749999997 0.9916265625
vt 0.2890625 0.96875
vt 0.7131609375 0.53515625
vt 0.7299078125 0.53515625
vt 0.7299078125 0.55078125
vt 0.7131609375 0.55078125
vt 0.008373437499999997 0.5982171875
vt 0.022876562500000003 0.58984375
vt 0.03125 0.62109375
vt 0.29743593749999997 1
vt 0.28068906250000003 1
vt 0.2890625 0.96875
vt 0.7299078125 0.53515625
vt 0.7466546875 0.53515625
vt 0.7466546875 0.55078125
vt 0.7299078125 0.55078125
vt 0.022876562500000003 0.58984375
vt 0.0396234375 0.58984375
vt 0.03125 0.62109375
vt 0.1792943359375 0.9722630859375
vt 0.1312525390625 1
vt 0.103515625 0.896484375
vt 0.5843775390625 0.984375
vt 0.6398513671875 0.984375
vt 0.6398513671875 1
vt 0.5843775390625 1
vt 0.2855494140625 0.63671875
vt 0.3335912109375 0.6644556640625
vt 0.2578125 0.740234375
vt 0.20703125 0.9242212890625
vt 0.1792943359375 0.9722630859375
vt 0.103515625 0.896484375
vt 0.3621017578125 0.69140625
vt 0.4175755859375 0.69140625
vt 0.4175755859375 0.70703125
vt 0.3621017578125 0.70703125
vt 0.3335912109375 0.6644556640625
vt 0.361328125 0.7124974609375
vt 0.2578125 0.740234375
vt 0.20703125 0.8687474609375
vt 0.20703125 0.9242212890625
vt 0.103515625 0.896484375
vt 0.4175755859375 0.69140625
vt 0.4730494140625 0.69140625
vt 0.4730494140625 0.70703125
vt 0.4175755859375 0.70703125
vt 0.361328125 0.7124974609375
vt 0.361328125 0.7679712890625
vt 0.2578125 0.740234375
vt 0.1792943359375 0.8207056640625
vt 0.20703125 0.8687474609375
vt 0.103515625 0.896484375
vt 0.4730494140625 0.69140625
vt 0.5285232421875 0.69140625
vt 0.5285232421875 0.70703125
vt 0.4730494140625 0.70703125
vt 0.361328125 0.7679712890625
vt 0.3335912109375 0.8160130859375
vt 0.2578125 0.740234375
vt 0.1312525390625 0.79296875
vt 0.1792943359375 0.8207056640625
vt 0.103515625 0.896484375
vt 0.3640548828125 0.7109375
vt 0.4195287109375 0.7109375
vt 0.4195287109375 0.7265625
vt 0.3640548828125 0.7265625
vt 0.3335912109375 0.8160130859375
vt 0.2855494140625 0.84375
vt 0.2578125 0.740234375
vt 0.0757787109375 0.79296875
vt 0.1312525390625 0.79296875
vt 0.103515625 0.896484375
vt 0.4195287109375 0.7109375
vt 0.4750025390625 0.7109375
vt 0.4750025390625 0.7265625
vt 0.4195287109375 0.7265625
vt 0.2855494140625 0.84375
vt 0.2300755859375 0.84375
vt 0.2578125 0.740234375
vt 0.027736914062500007 0.8207056640625
vt 0.0757787109375 0.79296875
vt 0.103515625 0.896484375
vt 0.4750025390625 0.7109375
vt 0.5304763671875 0.7109375
vt 0.5304763671875 0.7265625
vt 0.4750025390625 0.7265625
vt 0.2300755859375 0.84375
vt 0.1820337890625 0.8160130859375
vt 0.2578125 0.740234375
vt 0 0.8687474609375
vt 0.027736914062500007 0.8207056640625
vt 0.103515625 0.896484375
vt 0.4265548828125 0.775390625
vt 0.4820287109375 0.775390625
vt 0.4820287109375 0.791015625
vt 0.4265548828125 0.791015625
vt 0.1820337890625 0.8160130859375
vt 0.154296875 0.7679712890625
vt 0.2578125 0.740234375
vt 0 0.9242212890625
vt 0 0.8687474609375
vt 0.103515625 0.896484375
vt 0.4820287109375 0.775390625
vt 0.5375025390625 0.775390625
vt 0.5375025390625 0.791015625
vt 0.4820287109375 0.791015625
vt 0.154296875 0.7679712890625
vt 0.154296875 0.7124974609375
vt 0.2578125 0.740234375
vt 0.027736914062500007 0.9722630859375
vt 0 0.9242212890625
vt 0.103515625 0.896484375
vt 0.5375025390625 0.775390625
vt 0.5929763671875 0.775390625
vt 0.5929763671875 0.791015625
vt 0.5375025390625 0.791015625
vt 0.154296875 0.7124974609375
vt 0.1820337890625 0.6644556640625
vt 0.2578125 0.740234375
vt 0.0757787109375 1
vt 0.027736914062500007 0.9722630859375
vt 0.103515625 0.896484375
vt 0.4734298828125 0.984375
vt 0.5289037109375 0.984375
vt 0.5289037109375 1
vt 0.4734298828125 1
vt 0.1820337890625 0.6644556640625
vt 0.2300755859375 0.63671875
vt 0.2578125 0.740234375
vt 0.1312525390625 1
vt 0.0757787109375 1
vt 0.103515625 0.896484375
vt 0.5289037109375 0.984375
vt 0.5843775390625 0.984375
vt 0.5843775390625 1
vt 0.5289037109375 1
vt 0.2300755859375 0.63671875
vt 0.2855494140625 0.63671875
vt 0.2578125 0.740234375
vt 0.4878880859375 0.9722630859375
vt 0.4398462890625 1
vt 0.412109375 0.896484375
vt 0.5843775390625 0.79296875
vt 0.6398513671875 0.79296875
vt 0.6398513671875 0.80859375
vt 0.5843775390625 0.80859375
vt 0.4417994140625 0.482421875
vt 0.4898412109375 0.5101587890625
vt 0.4140625 0.5859375
vt 0.515625 0.9242212890625
vt 0.4878880859375 0.9722630859375
vt 0.412109375 0.896484375
vt 0.4265548828125 0.728515625
vt 0.4820287109375 0.728515625
vt 0.4820287109375 0.744140625
vt 0.4265548828125 0.744140625
vt 0.4898412109375 0.5101587890625
vt 0.517578125 0.5582005859375
vt 0.4140625 0.5859375
vt 0.515625 0.8687474609375
vt 0.515625 0.9242212890625
vt 0.412109375 0.896484375
vt 0.4820287109375 0.728515625
vt 0.5375025390625 0.728515625
vt 0.5375025390625 0.744140625
vt 0.4820287109375 0.744140625
vt 0.517578125 0.5582005859375
vt 0.517578125 0.6136744140625
vt 0.4140625 0.5859375
vt 0.4878880859375 0.8207056640625
vt 0.515625 0.8687474609375
vt 0.412109375 0.896484375
vt 0.5375025390625 0.728515625
vt 0.5929763671875 0.728515625
vt 0.5929763671875 0.744140625
vt 0.5375025390625 0.744140625
vt 0.517578125 0.6136744140625
vt 0.4898412109375 0.6617162109375
vt 0.4140625 0.5859375
vt 0.4398462890625 0.79296875
vt 0.4878880859375 0.8207056640625
vt 0.412109375 0.896484375
vt 0.4285080078125 0.7578125
vt 0.4839818359375 0.7578125
vt 0.4839818359375 0.7734375
vt 0.4285080078125 0.7734375
vt 0.4898412109375 0.6617162109375
vt 0.4417994140625 0.689453125
vt 0.4140625 0.5859375
vt 0.3843724609375 0.79296875
vt 0.4398462890625 0.79296875
vt 0.412109375 0.896484375
vt 0.4839818359375 0.7578125
vt 0.5394556640625 0.7578125
vt 0.5394556640625 0.7734375
vt 0.4839818359375 0.7734375
vt 0.4417994140625 0.689453125
vt 0.3863255859375 0.689453125
vt 0.4140625 0.5859375
vt 0.3363306640625 0.8207056640625
vt 0.3843724609375 0.79296875
vt 0.412109375 0.896484375
vt 0.5394556640625 0.7578125
vt 0.5949294921875 0.7578125
vt 0.5949294921875 0.7734375
vt 0.5394556640625 0.7734375
vt 0.3863255859375 0.689453125
vt 0.3382837890625 0.6617162109375
vt 0.4140625 0.5859375
vt 0.30859375 0.8687474609375
vt 0.3363306640625 0.8207056640625
vt 0.412109375 0.896484375
vt 0.0007736328124999803 0.513671875
vt 0.05624746093749999 0.513671875
vt 0.05624746093749999 0.529296875
vt 0.0007736328124999803 0.529296875
vt 0.3382837890625 0.6617162109375
vt 0.310546875 0.6136744140625
vt 0.4140625 0.5859375
vt 0.30859375 0.9242212890625
vt 0.30859375 0.8687474609375
vt 0.412109375 0.896484375
vt 0.05624746093749999 0.513671875
vt 0.1117212890625 0.513671875
vt 0.1117212890625 0.529296875
vt 0.05624746093749999 0.529296875
vt 0.310546875 0.6136744140625
vt 0.310546875 0.5582005859375
vt 0.4140625 0.5859375
vt 0.3363306640625 0.9722630859375
vt 0.30859375 0.9242212890625
vt 0.412109375 0.896484375
vt 0.1117212890625 0.513671875
vt 0.16719511718750002 0.513671875
vt 0.16719511718750002 0.529296875
vt 0.1117212890625 0.529296875
vt 0.310546875 0.5582005859375
vt 0.3382837890625 0.5101587890625
vt 0.4140625 0.5859375
vt 0.3843724609375 1
vt 0.3363306640625 0.9722630859375
vt 0.412109375 0.896484375
vt 0.4734298828125 0.79296875
vt 0.5289037109375 0.79296875
vt 0.5289037109375 0.80859375
vt 0.4734298828125 0.80859375
vt 0.3382837890625 0.5101587890625
vt 0.3863255859375 0.482421875
vt 0.4140625 0.5859375
vt 0.4398462890625 1
vt 0.3843724609375 1
vt 0.412109375 0.896484375
vt 0.5289037109375 0.79296875
vt 0.5843775390625 0.79296875
vt 0.5843775390625 0.80859375
vt 0.5289037109375 0.80859375
vt 0.3863255859375 0.482421875
vt 0.4417994140625 0.482421875
vt 0.4140625 0.5859375
vt 0.11840195312499999 0.772698828125
vt 0.08667617187500001 0.791015625
vt 0.068359375 0.72265625
vt 0.243902734375 0.501953125
vt 0.280536328125 0.501953125
vt 0.280536328125 0.517578125
vt 0.243902734375 0.517578125
vt 0.158941796875 0.53125
vt 0.190667578125 0.549566796875
vt 0.140625 0.599609375
vt 0.13671875 0.740973046875
vt 0.11840195312499999 0.772698828125
vt 0.068359375 0.72265625
vt 0.19797919921875 0.5390625
vt 0.23461279296875 0.5390625
vt 0.23461279296875 0.5546875
vt 0.19797919921875 0.5546875
vt 0.190667578125 0.549566796875
vt 0.208984375 0.581292578125
vt 0.140625 0.599609375
vt 0.13671875 0.704339453125
vt 0.13671875 0.740973046875
vt 0.068359375 0.72265625
vt 0.23461279296875 0.5390625
vt 0.27124638671875 0.5390625
vt 0.27124638671875 0.5546875
vt 0.23461279296875 0.5546875
vt 0.208984375 0.581292578125
vt 0.208984375 0.617926171875
vt 0.140625 0.599609375
vt 0.11840195312499999 0.672613671875
vt 0.13671875 0.704339453125
vt 0.068359375 0.72265625
vt 0.27124638671875 0.5390625
vt 0.30788017578125 0.5390625
vt 0.30788017578125 0.5546875
vt 0.27124638671875 0.5546875
vt 0.208984375 0.617926171875
vt 0.190667578125 0.649651953125
vt 0.140625 0.599609375
vt 0.08667617187500001 0.654296875
vt 0.11840195312499999 0.672613671875
vt 0.068359375 0.72265625
vt 0.172588671875 0.51953125
vt 0.209222265625 0.51953125
vt 0.209222265625 0.53515625
vt 0.172588671875 0.53515625
vt 0.190667578125 0.649651953125
vt 0.158941796875 0.66796875
vt 0.140625 0.599609375
vt 0.05004257812499999 0.654296875
vt 0.08667617187500001 0.654296875
vt 0.068359375 0.72265625
vt 0.209222265625 0.51953125
vt 0.245855859375 0.51953125
vt 0.245855859375 0.53515625
vt 0.209222265625 0.53515625
vt 0.158941796875 0.66796875
vt 0.12230820312499999 0.66796875
vt 0.140625 0.599609375
vt 0.018316796875 0.672613671875
vt 0.05004257812499999 0.654296875
vt 0.068359375 0.72265625
vt 0.245855859375 0.51953125
vt 0.282489453125 0.51953125
vt 0.282489453125 0.53515625
vt 0.245855859375 0.53515625
vt 0.12230820312499999 0.66796875
vt 0.090582421875 0.649651953125
vt 0.140625 0.599609375
vt 0 0.704339453125
vt 0.018316796875 0.672613671875
vt 0.068359375 0.72265625
vt 0.479229296875 0.673828125
vt 0.515862890625 0.673828125
vt 0.515862890625 0.689453125
vt 0.479229296875 0.689453125
vt 0.090582421875 0.649651953125
vt 0.072265625 0.617926171875
vt 0.140625 0.599609375
vt 0 0.740973046875
vt 0 0.704339453125
vt 0.068359375 0.72265625
vt 0.515862890625 0.673828125
vt 0.552496484375 0.673828125
vt 0.552496484375 0.689453125
vt 0.515862890625 0.689453125
vt 0.072265625 0.617926171875
vt 0.072265625 0.581292578125
vt 0.140625 0.599609375
vt 0.018316796875 0.772698828125
vt 0 0.740973046875
vt 0.068359375 0.72265625
vt 0.552496484375 0.673828125
vt 0.589130078125 0.673828125
vt 0.589130078125 0.689453125
vt 0.552496484375 0.689453125
vt 0.072265625 0.581292578125
vt 0.090582421875 0.549566796875
vt 0.140625 0.599609375
vt 0.05004257812499999 0.791015625
vt 0.018316796875 0.772698828125
vt 0.068359375 0.72265625
vt 0.170635546875 0.501953125
vt 0.207269140625 0.501953125
vt 0.207269140625 0.517578125
vt 0.170635546875 0.517578125
vt 0.090582421875 0.549566796875
vt 0.12230820312499999 0.53125
vt 0.140625 0.599609375
vt 0.08667617187500001 0.791015625
vt 0.05004257812499999 0.791015625
vt 0.068359375 0.72265625
vt 0.207269140625 0.501953125
vt 0.243902734375 0.501953125
vt 0.243902734375 0.517578125
vt 0.207269140625 0.517578125
vt 0.12230820312499999 0.53125
vt 0.158941796875 0.53125
vt 0.140625 0.599609375
vt 0.41740781250000003 0.7826421875
vt 0.40290468749999997 0.791015625
vt 0.39453125 0.759765625
vt 0.033764062500000004 0.5546875
vt 0.0505109375 0.5546875
vt 0.0505109375 0.5703125
vt 0.033764062500000004 0.5703125
vt 0.25056093749999997 0.572265625
vt 0.26506406250000003 0.5806390625
vt 0.2421875 0.603515625
vt 0.42578125 0.7681390625
vt 0.41740781250000003 0.7826421875
vt 0.39453125 0.759765625
vt 0.00027031249999998064 0.572265625
vt 0.017017187499999975 0.572265625
vt 0.017017187499999975 0.587890625
vt 0.00027031249999998064 0.587890625
vt 0.26506406250000003 0.5806390625
vt 0.2734375 0.5951421875
vt 0.2421875 0.603515625
vt 0.42578125 0.7513921875
vt 0.42578125 0.7681390625
vt 0.39453125 0.759765625
vt 0.017017187499999975 0.572265625
vt 0.033764062500000025 0.572265625
vt 0.033764062500000025 0.587890625
vt 0.017017187499999975 0.587890625
vt 0.2734375 0.5951421875
vt 0.2734375 0.6118890625
vt 0.2421875 0.603515625
vt 0.41740781250000003 0.7368890625
vt 0.42578125 0.7513921875
vt 0.39453125 0.759765625
vt 0.033764062500000025 0.572265625
vt 0.05051093750000002 0.572265625
vt 0.05051093750000002 0.587890625
vt 0.033764062500000025 0.587890625
vt 0.2734375 0.6118890625
vt 0.26506406250000003 0.6263921875
vt 0.2421875 0.603515625
vt 0.40290468749999997 0.728515625
vt 0.41740781250000003 0.7368890625
vt 0.39453125 0.759765625
vt 0.2990984375 0.484375
vt 0.31584531250000003 0.484375
vt 0.31584531250000003 0.5
vt 0.2990984375 0.5
vt 0.26506406250000003 0.6263921875
vt 0.25056093749999997 0.634765625
vt 0.2421875 0.603515625
vt 0.38615781250000003 0.728515625
vt 0.40290468749999997 0.728515625
vt 0.39453125 0.759765625
vt 0.31584531250000003 0.484375
vt 0.3325921875 0.484375
vt 0.3325921875 0.5
vt 0.31584531250000003 0.5
vt 0.25056093749999997 0.634765625
vt 0.2338140625 0.634765625
vt 0.2421875 0.603515625
vt 0.37165468749999997 0.7368890625
vt 0.38615781250000003 0.728515625
vt 0.39453125 0.759765625
vt 0.3325921875 0.484375
vt 0.3493390625 0.484375
vt 0.3493390625 0.5
vt 0.3325921875 0.5
vt 0.2338140625 0.634765625
vt 0.2193109375 0.6263921875
vt 0.2421875 0.603515625
vt 0.36328125 0.7513921875
vt 0.37165468749999997 0.7368890625
vt 0.39453125 0.759765625
vt 0.2580828125 0.556640625
vt 0.2748296875 0.556640625
vt 0.2748296875 0.572265625
vt 0.2580828125 0.572265625
vt 0.2193109375 0.6263921875
vt 0.2109375 0.6118890625
vt 0.2421875 0.603515625
vt 0.36328125 0.7681390625
vt 0.36328125 0.7513921875
vt 0.39453125 0.759765625
vt 0.2748296875 0.556640625
vt 0.2915765625 0.556640625
vt 0.2915765625 0.572265625
vt 0.2748296875 0.572265625
vt 0.2109375 0.6118890625
vt 0.2109375 0.5951421875
vt 0.2421875 0.603515625
vt 0.37165468749999997 0.7826421875
vt 0.36328125 0.7681390625
vt 0.39453125 0.759765625
vt 0.2915765625 0.556640625
vt 0.3083234375 0.556640625
vt 0.3083234375 0.572265625
vt 0.2915765625 0.572265625
vt 0.2109375 0.5951421875
vt 0.2193109375 0.5806390625
vt 0.2421875 0.603515625
vt 0.38615781250000003 0.791015625
vt 0.37165468749999997 0.7826421875
vt 0.39453125 0.759765625
vt 0.00027031250000001533 0.5546875
vt 0.017017187500000024 0.5546875
vt 0.01701718750000001 0.5703125
vt 0.00027031250000000145 0.5703125
vt 0.2193109375 0.5806390625
vt 0.2338140625 0.572265625
vt 0.2421875 0.603515625
vt 0.40290468749999997 0.791015625
vt 0.38615781250000003 0.791015625
vt 0.39453125 0.759765625
vt 0.01701718750000001 0.5546875
vt 0.033764062500000004 0.5546875
vt 0.033764062500000004 0.5703125
vt 0.01701718750000001 0.5703125
vt 0.2338140625 0.572265625
vt 0.25056093749999997 0.572265625
vt 0.2421875 0.603515625
vn 1 0 0
vn -1 0 0
vn 0 1 0
vn 0 -1 0
vn 0 0 1
vn 0 0 -1
vn 1 0 0
vn -1 0 0
vn 0 1 0
vn 0 -1 0
vn 0 0 1
vn 0 0 -1
vn 0.7071067811865475 0 -0.7071067811865476
vn -0.7071067811865475 0 0.7071067811865476
vn 0 1 0
vn 0 -1 0
vn 0.7071067811865485 0 0.7071067811865467
vn -0.7071067811865486 0 -0.7071067811865466
vn 0.7071067811865477 0 -0.7071067811865475
vn -0.7071067811865476 0 0.7071067811865476
vn 0 1 0
vn 0 -1 0
vn 0.7071067811865458 0 0.7071067811865493
vn -0.7071067811865485 0 -0.7071067811865467
vn 0.7071067811865475 0 -0.7071067811865476
vn -0.7071067811865476 0 0.7071067811865475
vn 0 1 0
vn 0 -1 0
vn 0.7071067811865476 0 0.7071067811865476
vn -0.7071067811865476 0 -0.7071067811865476
vn 1 0 0
vn -1 0 0
vn 0 1 0
vn 0 -1 0
vn 0 0 1
vn 0 0 -1
vn 1 0 0
vn -1 0 0
vn 0 1 0
vn 0 -1 0
vn 0 0 1
vn 0 0 -1
vn 0 0 -1
vn 0 0 1
vn 0 1 0
vn 0 -1 0
vn 1 0 0
vn -1 0 0
vn 0 0 -1
vn 0 0 1
vn 0 1 0
vn 0 -1 0
vn 1 0 0
vn -1 0 0
vn 0 0 -1
vn 0 0 1
vn 0 1 0
vn 0 -1 0
vn 1 0 0
vn -1 0 0
vn 1 0 0
vn -1 0 0
vn 0 1 0
vn 0 -1 0
vn 0 0 1
vn 0 0 -1
vn 1 0 0
vn -1 0 0
vn 0 1 0
vn 0 -1 0
vn 0 0 1
vn 0 0 -1
vn 1 0 0
vn -1 0 0
vn 0 1 0
vn 0 -1 0
vn 0 0 1
vn 0 0 -1
vn 1 0 0
vn -1 0 0
vn 0 1 0
vn 0 -1 0
vn 0 0 1
vn 0 0 -1
vn 0.7071067811865477 0 -0.7071067811865474
vn -0.7071067811865476 0 0.7071067811865476
vn 0 1 0
vn 0 -1 0
vn 0.7071067811865467 0 0.7071067811865485
vn -0.7071067811865485 0 -0.7071067811865467
vn 1 0 0
vn -1 0 0
vn 0 1 0
vn 0 -1 0
vn 0 0 1
vn 0 0 -1
vn 0 0 -1
vn 0 0 1
vn 0 1 0
vn 0 -1 0
vn 1 0 0
vn -1 0 0
vn 0 0 -1
vn 0 0 1
vn 0 1 0
vn 0 -1 0
vn 1 0 0
vn -1 0 0
vn 0 0 -1
vn 0 0 1
vn 0 1 0
vn 0 -1 0
vn 1 0 0
vn -1 0 0
vn 0 0 -1
vn 0 0 1
vn 0 1 0
vn 0 -1 0
vn 1 0 0
vn -1 0 0
vn 0 0 -1
vn 0 0 1
vn 0 1 0
vn 0 -1 0
vn 1 0 0
vn -1 0 0
vn 1 0 0
vn -1 0 0
vn 0 1 0
vn 0 -1 0
vn 0 0 1
vn 0 0 -1
vn 1 0 0
vn -1 0 0
vn 0 1 0
vn 0 -1 0
vn 0 0 1
vn 0 0 -1
vn 1 0 0
vn -1 0 0
vn 0 1 0
vn 0 -1 0
vn 0 0 1
vn 0 0 -1
vn 1 0 0
vn -1 0 0
vn 0 1 0
vn 0 -1 0
vn 0 0 1
vn 0 0 -1
vn 1 0 0
vn -1 0 0
vn 0 1 0
vn 0 -1 0
vn 0 0 1
vn 0 0 -1
vn 1 0 0
vn -1 0 0
vn 0 1 0
vn 0 -1 0
vn 0 0 1
vn 0 0 -1
vn 1 0 0
vn -1 0 0
vn 0 1 0
vn 0 -1 0
vn 0 0 1
vn 0 0 -1
vn 1 0 0
vn -1 0 0
vn 0 1 0
vn 0 -1 0
vn 0 0 1
vn 0 0 -1
vn 1 0 0
vn -1 0 0
vn 0 1 0
vn 0 -1 0
vn 0 0 1
vn 0 0 -1
vn 1 0 0
vn -1 0 0
vn 0 1 0
vn 0 -1 0
vn 0 0 1
vn 0 0 -1
vn 1 0 0
vn -1 0 0
vn 0 1 0
vn 0 -1 0
vn 0 0 1
vn 0 0 -1
vn 1 0 0
vn -1 0 0
vn 0 1 0
vn 0 -1 0
vn 0 0 1
vn 0 0 -1
vn 1 0 0
vn -1 0 0
vn 0 1 0
vn 0 -1 0
vn 0 0 1
vn 0 0 -1
vn 1 0 0
vn -1 0 0
vn 0 1 0
vn 0 -1 0
vn 0 0 1
vn 0 0 -1
vn 1 0 0
vn -1 0 0
vn 0 1 0
vn 0 -1 0
vn 0 0 1
vn 0 0 -1
vn 1 0 0
vn -1 0 0
vn 0 1 0
vn 0 -1 0
vn 0 0 1
vn 0 0 -1
vn 1 0 0
vn -1 0 0
vn 0 1 0
vn 0 -1 0
vn 0 0 1
vn 0 0 -1
vn 1 0 0
vn -1 0 0
vn 0 1 0
vn 0 -1 0
vn 0 0 1
vn 0 0 -1
vn 1 0 0
vn -1 0 0
vn 0 1 0
vn 0 -1 0
vn 0 0 1
vn 0 0 -1
vn 1 0 0
vn -1 0 0
vn 0 1 0
vn 0 -1 0
vn 0 0 1
vn 0 0 -1
vn 1 0 0
vn -1 0 0
vn 0 1 0
vn 0 -1 0
vn 0 0 1
vn 0 0 -1
vn 1 0 0
vn -1 0 0
vn 0 1 0
vn 0 -1 0
vn 0 0 1
vn 0 0 -1
vn 0.9993648659920101 0.035635159895413084 0
vn -0.9993649039460965 -0.035634095481852486 0
vn -0.05338261360477381 0.9985741317322033 0
vn 0.05338553137603604 -0.9985739757472645 0
vn 0 0 1
vn 0 0 -1
vn 0.9993648659920101 0.035635159895413084 0
vn -0.9993649039460965 -0.035634095481852486 0
vn -0.05338261360477381 0.9985741317322033 0
vn 0.05338553137603604 -0.9985739757472645 0
vn 0 0 1
vn 0 0 -1
vn 0.9993648659920101 0.035635159895413084 0
vn -0.9993649039460965 -0.035634095481852486 0
vn -0.05338261360477381 0.9985741317322033 0
vn 0.05338553137603604 -0.9985739757472645 0
vn 0 0 1
vn 0 0 -1
vn 0.9993648659920101 0.035635159895413084 0
vn -0.9993649039460965 -0.035634095481852486 0
vn -0.05338261360477381 0.9985741317322033 0
vn 0.05338553137603604 -0.9985739757472645 0
vn 0 0 1
vn 0 0 -1
vn 0.9993648659920101 0.035635159895413084 0
vn -0.9993649039460965 -0.035634095481852486 0
vn -0.05338261360477381 0.9985741317322033 0
vn 0.05338553137603604 -0.9985739757472645 0
vn 0 0 1
vn 0 0 -1
vn 0.9993648659920101 0.035635159895413084 0
vn -0.9993649039460965 -0.035634095481852486 0
vn -0.05338261360477381 0.9985741317322033 0
vn 0.05338553137603604 -0.9985739757472645 0
vn 0 0 1
vn 0 0 -1
vn 0.9993648659920101 0.035635159895413084 0
vn -0.9993649039460965 -0.035634095481852486 0
vn -0.05338261360477381 0.9985741317322033 0
vn 0.05338553137603604 -0.9985739757472645 0
vn 0 0 1
vn 0 0 -1
vn 1 0 0
vn -1 0 0
vn 0 1 0
vn 0 -1 0
vn 0 0 1
vn 0 0 -1
vn 1 0 0
vn -1 0 0
vn 0 1 0
vn 0 -1 0
vn 0 0 1
vn 0 0 -1
vn 1 0 0
vn -1 0 0
vn 0 1 0
vn 0 -1 0
vn 0 0 1
vn 0 0 -1
vn 1 0 0
vn -1 0 0
vn 0 1 0
vn 0 -1 0
vn 0 0 1
vn 0 0 -1
vn 1 0 0
vn -1 0 0
vn 0 1 0
vn 0 -1 0
vn 0 0 1
vn 0 0 -1
vn 0.9993648659920101 0.035635159895413084 0
vn -0.9993649039460965 -0.035634095481852486 0
vn -0.05338261360477381 0.9985741317322033 0
vn 0.05338553137603604 -0.9985739757472645 0
vn 0 0 1
vn 0 0 -1
vn 0 0.035635159895413084 -0.9993648659920101
vn 0 -0.035634095481852486 0.9993649039460965
vn 0 0.9985741317322033 0.05338261360477381
vn 0 -0.9985739757472645 -0.05338553137603604
vn 1 0 0
vn -1 0 0
vn 0 0.035635159895413084 -0.9993648659920101
vn 0 -0.035634095481852486 0.9993649039460965
vn 0 0.9985741317322033 0.05338261360477381
vn 0 -0.9985739757472645 -0.05338553137603604
vn 1 0 0
vn -1 0 0
vn 0 0.035635159895413084 -0.9993648659920101
vn 0 -0.035634095481852486 0.9993649039460965
vn 0 0.9985741317322033 0.05338261360477381
vn 0 -0.9985739757472645 -0.05338553137603604
vn 1 0 0
vn -1 0 0
vn 0 0.03563515989541164 -0.9993648659920104
vn 0 -0.035634095481852486 0.9993649039460965
vn 0 0.9985741317322033 0.053382613604773616
vn 0 -0.9985739757472645 -0.05338553137603604
vn 1 0 0
vn -1 0 0
vn 0 0.03563515989541164 -0.9993648659920104
vn 0 -0.035634095481852486 0.9993649039460965
vn 0 0.9985741317322033 0.053382613604773616
vn 0 -0.9985739757472645 -0.05338553137603604
vn 1 0 0
vn -1 0 0
vn 0 0.03563515989541164 -0.9993648659920104
vn 0 -0.035634095481852486 0.9993649039460965
vn 0 0.9985741317322033 0.053382613604773616
vn 0 -0.9985739757472645 -0.05338553137603604
vn 1 0 0
vn -1 0 0
vn 0 0.035635159895413084 -0.9993648659920101
vn 0 -0.035634095481852486 0.9993649039460965
vn 0 0.9985741317322033 0.05338261360477381
vn 0 -0.9985739757472645 -0.05338553137603604
vn 1 0 0
vn -1 0 0
vn 0 0.035635159895413084 -0.9993648659920101
vn 0 -0.035634095481852486 0.9993649039460965
vn 0 0.9985741317322033 0.05338261360477381
vn 0 -0.9985739757472645 -0.05338553137603604
vn 1 0 0
vn -1 0 0
vn 0 0.035635159895413084 -0.9993648659920101
vn 0 -0.035634095481852486 0.9993649039460965
vn 0 0.9985741317322033 0.05338261360477381
vn 0 -0.9985739757472645 -0.05338553137603604
vn 1 0 0
vn -1 0 0
vn 0 0.035635159895413084 -0.9993648659920101
vn 0 -0.035634095481852486 0.9993649039460965
vn 0 0.9985741317322033 0.05338261360477381
vn 0 -0.9985739757472645 -0.05338553137603604
vn 1 0 0
vn -1 0 0
vn 0 0.035635159895413084 -0.9993648659920101
vn 0 -0.035634095481852486 0.9993649039460965
vn 0 0.9985741317322033 0.05338261360477381
vn 0 -0.9985739757472645 -0.05338553137603604
vn 1 0 0
vn -1 0 0
vn 0 0.035635159895413084 -0.9993648659920101
vn 0 -0.035634095481852486 0.9993649039460965
vn 0 0.9985741317322033 0.05338261360477381
vn 0 -0.9985739757472645 -0.05338553137603604
vn 1 0 0
vn -1 0 0
vn 0 0.035635159895413084 -0.9993648659920101
vn 0 -0.035634095481852486 0.9993649039460965
vn 0 0.9985741317322033 0.05338261360477381
vn 0 -0.9985739757472645 -0.05338553137603604
vn 1 0 0
vn -1 0 0
vn 0 0.035635159895413084 -0.9993648659920101
vn 0 -0.035634095481852486 0.9993649039460965
vn 0 0.9985741317322033 0.05338261360477381
vn 0 -0.9985739757472645 -0.05338553137603604
vn 1 0 0
vn -1 0 0
vn 0 0.035635159895413084 -0.9993648659920101
vn 0 -0.035634095481852486 0.9993649039460965
vn 0 0.9985741317322033 0.05338261360477381
vn 0 -0.9985739757472645 -0.05338553137603604
vn 1 0 0
vn -1 0 0
vn 0 0.035635159895413084 -0.9993648659920101
vn 0 -0.035634095481852486 0.9993649039460965
vn 0 0.9985741317322033 0.05338261360477381
vn 0 -0.9985739757472645 -0.05338553137603604
vn 1 0 0
vn -1 0 0
vn 0 0.035635159895413084 -0.9993648659920101
vn 0 -0.035634095481852486 0.9993649039460965
vn 0 0.9985741317322033 0.05338261360477381
vn 0 -0.9985739757472645 -0.05338553137603604
vn 1 0 0
vn -1 0 0
vn 0 0.035635159895413084 -0.9993648659920101
vn 0 -0.035634095481852486 0.9993649039460965
vn 0 0.9985741317322033 0.05338261360477381
vn 0 -0.9985739757472645 -0.05338553137603604
vn 1 0 0
vn -1 0 0
vn 0 0.035635159895413084 -0.9993648659920101
vn 0 -0.035634095481852486 0.9993649039460965
vn 0 0.9985741317322033 0.05338261360477381
vn 0 -0.9985739757472645 -0.05338553137603604
vn 1 0 0
vn -1 0 0
vn 0 0.035635159895413084 -0.9993648659920101
vn 0 -0.035634095481852486 0.9993649039460965
vn 0 0.9985741317322033 0.05338261360477381
vn 0 -0.9985739757472645 -0.05338553137603604
vn 1 0 0
vn -1 0 0
vn 0 0.035635159895413084 -0.9993648659920101
vn 0 -0.035634095481852486 0.9993649039460965
vn 0 0.9985741317322033 0.05338261360477381
vn 0 -0.9985739757472645 -0.05338553137603604
vn 1 0 0
vn -1 0 0
vn 1 0 0
vn -1 0 0
vn 0 1 0
vn 0 -1 0
vn 0 0 1
vn 0 0 -1
vn 0.7071067811865477 0 -0.7071067811865474
vn -0.7071067811865476 0 0.7071067811865476
vn 0 1 0
vn 0 -1 0
vn 0.7071067811865458 0 0.7071067811865493
vn -0.7071067811865476 0 -0.7071067811865476
vn 0 -1 0
vn 0.5000005505446959 0 0.8660250859270772
vn 0 1 0
vn 0 -1 0
vn 0.8660250859270769 0 0.500000550544696
vn 0 1 0
vn 0 -1 0
vn 1 0 0
vn 0 1 0
vn 0 -1 0
vn 0.8660250859270769 0 -0.5000005505446963
vn 0 1 0
vn 0 -1 0
vn 0.5000005505446962 0 -0.8660250859270768
vn 0 1 0
vn 0 -1 0
vn 0 0 -1
vn 0 1 0
vn 0 -1 0
vn -0.5000005505446962 0 -0.8660250859270768
vn 0 1 0
vn 0 -1 0
vn -0.8660250859270769 0 -0.500000550544696
vn 0 1 0
vn 0 -1 0
vn -1 0 0
vn 0 1 0
vn 0 -1 0
vn -0.8660250859270769 0 0.5000005505446959
vn 0 1 0
vn 0 -1 0
vn -0.5000005505446959 0 0.8660250859270772
vn 0 1 0
vn 0 -1 0
vn 0 0 1
vn 0 1 0
vn 0 -1 0
vn 0.5000005505446953 0 0.8660250859270773
vn 0 1 0
vn 0 -1 0
vn 0.8660250859270773 0 0.5000005505446957
vn 0 1 0
vn 0 -1 0
vn 1 0 0
vn 0 1 0
vn 0 -1 0
vn 0.866025085927077 0 -0.5000005505446957
vn 0 1 0
vn 0 -1 0
vn 0.5000005505446956 0 -0.8660250859270772
vn 0 1 0
vn 0 -1 0
vn 0 0 -1
vn 0 1 0
vn 0 -1 0
vn -0.5000005505446956 0 -0.8660250859270772
vn 0 1 0
vn 0 -1 0
vn -0.866025085927077 0 -0.5000005505446957
vn 0 1 0
vn 0 -1 0
vn -1 0 0
vn 0 1 0
vn 0 -1 0
vn -0.8660250859270773 0 0.5000005505446957
vn 0 1 0
vn 0 -1 0
vn -0.5000005505446953 0 0.8660250859270773
vn 0 1 0
vn 0 -1 0
vn 0 0 1
vn 0 1 0
vn 0 -1 0
vn 0.5000001593772538 0 0.8660253117679189
vn 0 1 0
vn 0 -1 0
vn 0.8660253117679189 0 0.5000001593772538
vn 0 1 0
vn 0 -1 0
vn 1 0 0
vn 0 1 0
vn 0 -1 0
vn 0.8660253117679189 0 -0.5000001593772538
vn 0 1 0
vn 0 -1 0
vn 0.5000001593772538 0 -0.8660253117679189
vn 0 1 0
vn 0 -1 0
vn 0 0 -1
vn 0 1 0
vn 0 -1 0
vn -0.5000001593772538 0 -0.8660253117679189
vn 0 1 0
vn 0 -1 0
vn -0.8660253117679189 0 -0.5000001593772538
vn 0 1 0
vn 0 -1 0
vn -1 0 0
vn 0 1 0
vn 0 -1 0
vn -0.8660253117679189 0 0.5000001593772538
vn 0 1 0
vn 0 -1 0
vn -0.5000001593772538 0 0.8660253117679189
vn 0 1 0
vn 0 -1 0
vn 0 0 1
vn 0 1 0
vn 0 -1 0
vn 0.5000001593772537 0 0.866025311767919
vn 0 1 0
vn 0 -1 0
vn 0.8660253117679189 0 0.5000001593772535
vn 0 1 0
vn 0 -1 0
vn 1 0 0
vn 0 1 0
vn 0 -1 0
vn 0.8660253117679189 0 -0.5000001593772535
vn 0 1 0
vn 0 -1 0
vn 0.5000001593772537 0 -0.866025311767919
vn 0 1 0
vn 0 -1 0
vn 0 0 -1
vn 0 1 0
vn 0 -1 0
vn -0.5000001593772538 0 -0.8660253117679189
vn 0 1 0
vn 0 -1 0
vn -0.8660253117679189 0 -0.5000001593772538
vn 0 1 0
vn 0 -1 0
vn -1 0 0
vn 0 1 0
vn 0 -1 0
vn -0.8660253117679189 0 0.5000001593772538
vn 0 1 0
vn 0 -1 0
vn -0.5000001593772538 0 0.8660253117679189
vn 0 1 0
vn 0 -1 0
vn 0 0 1
vn 0 1 0
vn 0 -1 0
vn 0.49999985050746937 0 0.8660254900939742
vn 0 1 0
vn 0 -1 0
vn 0.8660254900939742 0 0.49999985050746937
vn 0 1 0
vn 0 -1 0
vn 1 0 0
vn 0 1 0
vn 0 -1 0
vn 0.8660254900939742 0 -0.4999998505074695
vn 0 1 0
vn 0 -1 0
vn 0.4999998505074695 0 -0.8660254900939742
vn 0 1 0
vn 0 -1 0
vn 0 0 -1
vn 0 1 0
vn 0 -1 0
vn -0.4999998505074695 0 -0.8660254900939742
vn 0 1 0
vn 0 -1 0
vn -0.8660254900939742 0 -0.4999998505074695
vn 0 1 0
vn 0 -1 0
vn -1 0 0
vn 0 1 0
vn 0 -1 0
vn -0.8660254900939742 0 0.49999985050746937
vn 0 1 0
vn 0 -1 0
vn -0.49999985050746937 0 0.8660254900939742
vn 0 1 0
vn 0 -1 0
vn 0 0 1
vn 0 1 0
vn 0 -1 0
vn 0.5000005505446968 0 0.8660250859270766
vn 0 1 0
vn 0 -1 0
vn 0.8660250859270764 0 0.5000005505446969
vn 0 1 0
vn 0 -1 0
vn 1 0 0
vn 0 1 0
vn 0 -1 0
vn 0.8660250859270764 0 -0.5000005505446969
vn 0 1 0
vn 0 -1 0
vn 0.5000005505446968 0 -0.8660250859270766
vn 0 1 0
vn 0 -1 0
vn 0 0 -1
vn 0 1 0
vn 0 -1 0
vn -0.5000005505446967 0 -0.8660250859270766
vn 0 1 0
vn 0 -1 0
vn -0.8660250859270766 0 -0.5000005505446968
vn 0 1 0
vn 0 -1 0
vn -1 0 0
vn 0 1 0
vn 0 -1 0
vn -0.8660250859270766 0 0.5000005505446968
vn 0 1 0
vn 0 -1 0
vn -0.5000005505446967 0 0.8660250859270766
vn 0 1 0
vn 0 -1 0
vn 0 0 1
vn 0 1 0
usemtl m_31e02b30-2295-f998-813c-ed8a5a2c0eaf
f 10/25/7 9/26/7 11/27/7 12/28/7
f 15/29/8 13/30/8 14/31/8 16/32/8
f 13/33/9 9/34/9 10/35/9 14/36/9
f 12/37/10 11/38/10 15/39/10 16/40/10
f 11/41/11 9/42/11 13/43/11 15/44/11
f 14/45/12 10/46/12 12/47/12 16/48/12
f 18/49/13 17/50/13 19/51/13 20/52/13
f 23/53/14 21/54/14 22/55/14 24/56/14
f 21/57/15 17/58/15 18/59/15 22/60/15
f 20/61/16 19/62/16 23/63/16 24/64/16
f 19/65/17 17/66/17 21/67/17 23/68/17
f 22/69/18 18/70/18 20/71/18 24/72/18
f 26/73/19 25/74/19 27/75/19 28/76/19
f 31/77/20 29/78/20 30/79/20 32/80/20
f 29/81/21 25/82/21 26/83/21 30/84/21
f 28/85/22 27/86/22 31/87/22 32/88/22
f 27/89/23 25/90/23 29/91/23 31/92/23
f 30/93/24 26/94/24 28/95/24 32/96/24
f 34/97/25 33/98/25 35/99/25 36/100/25
f 39/101/26 37/102/26 38/103/26 40/104/26
f 37/105/27 33/106/27 34/107/27 38/108/27
f 36/109/28 35/110/28 39/111/28 40/112/28
f 35/113/29 33/114/29 37/115/29 39/116/29
f 38/117/30 34/118/30 36/119/30 40/120/30
f 42/121/31 41/122/31 43/123/31 44/124/31
f 47/125/32 45/126/32 46/127/32 48/128/32
f 45/129/33 41/130/33 42/131/33 46/132/33
f 44/133/34 43/134/34 47/135/34 48/136/34
f 43/137/35 41/138/35 45/139/35 47/140/35
f 46/141/36 42/142/36 44/143/36 48/144/36
f 50/145/37 49/146/37 51/147/37 52/148/37
f 55/149/38 53/150/38 54/151/38 56/152/38
f 53/153/39 49/154/39 50/155/39 54/156/39
f 52/157/40 51/158/40 55/159/40 56/160/40
f 51/161/41 49/162/41 53/163/41 55/164/41
f 54/165/42 50/166/42 52/167/42 56/168/42
f 58/169/43 57/170/43 59/171/43 60/172/43
f 63/173/44 61/174/44 62/175/44 64/176/44
f 61/177/45 57/178/45 58/179/45 62/180/45
f 60/181/46 59/182/46 63/183/46 64/184/46
f 59/185/47 57/186/47 61/187/47 63/188/47
f 62/189/48 58/190/48 60/191/48 64/192/48
f 66/193/49 65/194/49 67/195/49 68/196/49
f 71/197/50 69/198/50 70/199/50 72/200/50
f 69/201/51 65/202/51 66/203/51 70/204/51
f 68/205/52 67/206/52 71/207/52 72/208/52
f 67/209/53 65/210/53 69/211/53 71/212/53
f 70/213/54 66/214/54 68/215/54 72/216/54
f 74/217/55 73/218/55 75/219/55 76/220/55
f 79/221/56 77/222/56 78/223/56 80/224/56
f 77/225/57 73/226/57 74/227/57 78/228/57
f 76/229/58 75/230/58 79/231/58 80/232/58
f 75/233/59 73/234/59 77/235/59 79/236/59
f 78/237/60 74/238/60 76/239/60 80/240/60
f 82/241/61 81/242/61 83/243/61 84/244/61
f 87/245/62 85/246/62 86/247/62 88/248/62
f 85/249/63 81/250/63 82/251/63 86/252/63
f 84/253/64 83/254/64 87/255/64 88/256/64
f 83/257/65 81/258/65 85/259/65 87/260/65
f 86/261/66 82/262/66 84/263/66 88/264/66
f 90/265/67 89/266/67 91/267/67 92/268/67
f 95/269/68 93/270/68 94/271/68 96/272/68
f 93/273/69 89/274/69 90/275/69 94/276/69
f 92/277/70 91/278/70 95/279/70 96/280/70
f 91/281/71 89/282/71 93/283/71 95/284/71
f 94/285/72 90/286/72 92/287/72 96/288/72
f 98/289/73 97/290/73 99/291/73 100/292/73
f 103/293/74 101/294/74 102/295/74 104/296/74
f 101/297/75 97/298/75 98/299/75 102/300/75
f 100/301/76 99/302/76 103/303/76 104/304/76
f 99/305/77 97/306/77 101/307/77 103/308/77
f 102/309/78 98/310/78 100/311/78 104/312/78
f 106/313/79 105/314/79 107/315/79 108/316/79
f 111/317/80 109/318/80 110/319/80 112/320/80
f 109/321/81 105/322/81 106/323/81 110/324/81
f 108/325/82 107/326/82 111/327/82 112/328/82
f 107/329/83 105/330/83 109/331/83 111/332/83
f 110/333/84 106/334/84 108/335/84 112/336/84
f 114/337/85 113/338/85 115/339/85 116/340/85
f 119/341/86 117/342/86 118/343/86 120/344/86
f 117/345/87 113/346/87 114/347/87 118/348/87
f 116/349/88 115/350/88 119/351/88 120/352/88
f 115/353/89 113/354/89 117/355/89 119/356/89
f 118/357/90 114/358/90 116/359/90 120/360/90
f 122/361/91 121/362/91 123/363/91 124/364/91
f 127/365/92 125/366/92 126/367/92 128/368/92
f 125/369/93 121/370/93 122/371/93 126/372/93
f 124/373/94 123/374/94 127/375/94 128/376/94
f 123/377/95 121/378/95 125/379/95 127/380/95
f 126/381/96 122/382/96 124/383/96 128/384/96
f 130/385/97 129/386/97 131/387/97 132/388/97
f 135/389/98 133/390/98 134/391/98 136/392/98
f 133/393/99 129/394/99 130/395/99 134/396/99
f 132/397/100 131/398/100 135/399/100 136/400/100
f 131/401/101 129/402/101 133/403/101 135/404/101
f 134/405/102 130/406/102 132/407/102 136/408/102
f 138/409/103 137/410/103 139/411/103 140/412/103
f 143/413/104 141/414/104 142/415/104 144/416/104
f 141/417/105 137/418/105 138/419/105 142/420/105
f 140/421/106 139/422/106 143/423/106 144/424/106
f 139/425/107 137/426/107 141/427/107 143/428/107
f 142/429/108 138/430/108 140/431/108 144/432/108
f 146/433/109 145/434/109 147/435/109 148/436/109
f 151/437/110 149/438/110 150/439/110 152/440/110
f 149/441/111 145/442/111 146/443/111 150/444/111
f 148/445/112 147/446/112 151/447/112 152/448/112
f 147/449/113 145/450/113 149/451/113 151/452/113
f 150/453/114 146/454/114 148/455/114 152/456/114
f 154/457/115 153/458/115 155/459/115 156/460/115
f 159/461/116 157/462/116 158/463/116 160/464/116
f 157/465/117 153/466/117 154/467/117 158/468/117
f 156/469/118 155/470/118 159/471/118 160/472/118
f 155/473/119 153/474/119 157/475/119 159/476/119
f 158/477/120 154/478/120 156/479/120 160/480/120
f 162/481/121 161/482/121 163/483/121 164/484/121
f 167/485/122 165/486/122 166/487/122 168/488/122
f 165/489/123 161/490/123 162/491/123 166/492/123
f 164/493/124 163/494/124 167/495/124 168/496/124
f 163/497/125 161/498/125 165/499/125 167/500/125
f 166/501/126 162/502/126 164/503/126 168/504/126
f 170/505/127 169/506/127 171/507/127 172/508/127
f 175/509/128 173/510/128 174/511/128 176/512/128
f 173/513/129 169/514/129 170/515/129 174/516/129
f 172/517/130 171/518/130 175/519/130 176/520/130
f 171/521/131 169/522/131 173/523/131 175/524/131
f 174/525/132 170/526/132 172/527/132 176/528/132
f 178/529/133 177/530/133 179/531/133 180/532/133
f 183/533/134 181/534/134 182/535/134 184/536/134
f 181/537/135 177/538/135 178/539/135 182/540/135
f 180/541/136 179/542/136 183/543/136 184/544/136
f 179/545/137 177/546/137 181/547/137 183/548/137
f 182/549/138 178/550/138 180/551/138 184/552/138
f 186/553/139 185/554/139 187/555/139 188/556/139
f 191/557/140 189/558/140 190/559/140 192/560/140
f 189/561/141 185/562/141 186/563/141 190/564/141
f 188/565/142 187/566/142 191/567/142 192/568/142
f 187/569/143 185/570/143 189/571/143 191/572/143
f 190/573/144 186/574/144 188/575/144 192/576/144
f 194/577/145 193/578/145 195/579/145 196/580/145
f 199/581/146 197/582/146 198/583/146 200/584/146
f 197/585/147 193/586/147 194/587/147 198/588/147
f 196/589/148 195/590/148 199/591/148 200/592/148
f 195/593/149 193/594/149 197/595/149 199/596/149
f 198/597/150 194/598/150 196/599/150 200/600/150
f 202/601/151 201/602/151 203/603/151 204/604/151
f 207/605/152 205/606/152 206/607/152 208/608/152
f 205/609/153 201/610/153 202/611/153 206/612/153
f 204/613/154 203/614/154 207/615/154 208/616/154
f 203/617/155 201/618/155 205/619/155 207/620/155
f 206/621/156 202/622/156 204/623/156 208/624/156
f 210/625/157 209/626/157 211/627/157 212/628/157
f 215/629/158 213/630/158 214/631/158 216/632/158
f 213/633/159 209/634/159 210/635/159 214/636/159
f 212/637/160 211/638/160 215/639/160 216/640/160
f 211/641/161 209/642/161 213/643/161 215/644/161
f 214/645/162 210/646/162 212/647/162 216/648/162
f 218/649/163 217/650/163 219/651/163 220/652/163
f 223/653/164 221/654/164 222/655/164 224/656/164
f 221/657/165 217/658/165 218/659/165 222/660/165
f 220/661/166 219/662/166 223/663/166 224/664/166
f 219/665/167 217/666/167 221/667/167 223/668/167
f 222/669/168 218/670/168 220/671/168 224/672/168
f 226/673/169 225/674/169 227/675/169 228/676/169
f 231/677/170 229/678/170 230/679/170 232/680/170
f 229/681/171 225/682/171 226/683/171 230/684/171
f 228/685/172 227/686/172 231/687/172 232/688/172
f 227/689/173 225/690/173 229/691/173 231/692/173
f 230/693/174 226/694/174 228/695/174 232/696/174
f 234/697/175 233/698/175 235/699/175 236/700/175
f 239/701/176 237/702/176 238/703/176 240/704/176
f 237/705/177 233/706/177 234/707/177 238/708/177
f 236/709/178 235/710/178 239/711/178 240/712/178
f 235/713/179 233/714/179 237/715/179 239/716/179
f 238/717/180 234/718/180 236/719/180 240/720/180
f 242/721/181 241/722/181 243/723/181 244/724/181
f 247/725/182 245/726/182 246/727/182 248/728/182
f 245/729/183 241/730/183 242/731/183 246/732/183
f 244/733/184 243/734/184 247/735/184 248/736/184
f 243/737/185 241/738/185 245/739/185 247/740/185
f 246/741/186 242/742/186 244/743/186 248/744/186
f 250/745/187 249/746/187 251/747/187 252/748/187
f 255/749/188 253/750/188 254/751/188 256/752/188
f 253/753/189 249/754/189 250/755/189 254/756/189
f 252/757/190 251/758/190 255/759/190 256/760/190
f 251/761/191 249/762/191 253/763/191 255/764/191
f 254/765/192 250/766/192 252/767/192 256/768/192
f 258/769/193 257/770/193 259/771/193 260/772/193
f 263/773/194 261/774/194 262/775/194 264/776/194
f 261/777/195 257/778/195 258/779/195 262/780/195
f 260/781/196 259/782/196 263/783/196 264/784/196
f 259/785/197 257/786/197 261/787/197 263/788/197
f 262/789/198 258/790/198 260/791/198 264/792/198
f 266/793/199 265/794/199 267/795/199 268/796/199
f 271/797/200 269/798/200 270/799/200 272/800/200
f 269/801/201 265/802/201 266/803/201 270/804/201
f 268/805/202 267/806/202 271/807/202 272/808/202
f 267/809/203 265/810/203 269/811/203 271/812/203
f 270/813/204 266/814/204 268/815/204 272/816/204
f 274/817/205 273/818/205 275/819/205 276/820/205
f 279/821/206 277/822/206 278/823/206 280/824/206
f 277/825/207 273/826/207 274/827/207 278/828/207
f 276/829/208 275/830/208 279/831/208 280/832/208
f 275/833/209 273/834/209 277/835/209 279/836/209
f 278/837/210 274/838/210 276/839/210 280/840/210
f 282/841/211 281/842/211 283/843/211 284/844/211
f 287/845/212 285/846/212 286/847/212 288/848/212
f 285/849/213 281/850/213 282/851/213 286/852/213
f 284/853/214 283/854/214 287/855/214 288/856/214
f 283/857/215 281/858/215 285/859/215 287/860/215
f 286/861/216 282/862/216 284/863/216 288/864/216
f 290/865/217 289/866/217 291/867/217 292/868/217
f 295/869/218 293/870/218 294/871/218 296/872/218
f 293/873/219 289/874/219 290/875/219 294/876/219
f 292/877/220 291/878/220 295/879/220 296/880/220
f 291/881/221 289/882/221 293/883/221 295/884/221
f 294/885/222 290/886/222 292/887/222 296/888/222
f 298/889/223 297/890/223 299/891/223 300/892/223
f 303/893/224 301/894/224 302/895/224 304/896/224
f 301/897/225 297/898/225 298/899/225 302/900/225
f 300/901/226 299/902/226 303/903/226 304/904/226
f 299/905/227 297/906/227 301/907/227 303/908/227
f 302/909/228 298/910/228 300/911/228 304/912/228
f 306/913/229 305/914/229 307/915/229 308/916/229
f 311/917/230 309/918/230 310/919/230 312/920/230
f 309/921/231 305/922/231 306/923/231 310/924/231
f 308/925/232 307/926/232 311/927/232 312/928/232
f 307/929/233 305/930/233 309/931/233 311/932/233
f 310/933/234 306/934/234 308/935/234 312/936/234
f 314/937/235 313/938/235 315/939/235 316/940/235
f 319/941/236 317/942/236 318/943/236 320/944/236
f 317/945/237 313/946/237 314/947/237 318/948/237
f 316/949/238 315/950/238 319/951/238 320/952/238
f 315/953/239 313/954/239 317/955/239 319/956/239
f 318/957/240 314/958/240 316/959/240 320/960/240
f 322/961/241 321/962/241 323/963/241 324/964/241
f 327/965/242 325/966/242 326/967/242 328/968/242
f 325/969/243 321/970/243 322/971/243 326/972/243
f 324/973/244 323/974/244 327/975/244 328/976/244
f 323/977/245 321/978/245 325/979/245 327/980/245
f 326/981/246 322/982/246 324/983/246 328/984/246
f 330/985/247 329/986/247 331/987/247 332/988/247
f 335/989/248 333/990/248 334/991/248 336/992/248
f 333/993/249 329/994/249 330/995/249 334/996/249
f 332/997/250 331/998/250 335/999/250 336/1000/250
f 331/1001/251 329/1002/251 333/1003/251 335/1004/251
f 334/1005/252 330/1006/252 332/1007/252 336/1008/252
f 338/1009/253 337/1010/253 339/1011/253 340/1012/253
f 343/1013/254 341/1014/254 342/1015/254 344/1016/254
f 341/1017/255 337/1018/255 338/1019/255 342/1020/255
f 340/1021/256 339/1022/256 343/1023/256 344/1024/256
f 339/1025/257 337/1026/257 341/1027/257 343/1028/257
f 342/1029/258 338/1030/258 340/1031/258 344/1032/258
f 346/1033/259 345/1034/259 347/1035/259 348/1036/259
f 351/1037/260 349/1038/260 350/1039/260 352/1040/260
f 349/1041/261 345/1042/261 346/1043/261 350/1044/261
f 348/1045/262 347/1046/262 351/1047/262 352/1048/262
f 347/1049/263 345/1050/263 349/1051/263 351/1052/263
f 350/1053/264 346/1054/264 348/1055/264 352/1056/264
f 354/1057/265 353/1058/265 355/1059/265 356/1060/265
f 359/1061/266 357/1062/266 358/1063/266 360/1064/266
f 357/1065/267 353/1066/267 354/1067/267 358/1068/267
f 356/1069/268 355/1070/268 359/1071/268 360/1072/268
f 355/1073/269 353/1074/269 357/1075/269 359/1076/269
f 358/1077/270 354/1078/270 356/1079/270 360/1080/270
f 362/1081/271 361/1082/271 363/1083/271 364/1084/271
f 367/1085/272 365/1086/272 366/1087/272 368/1088/272
f 365/1089/273 361/1090/273 362/1091/273 366/1092/273
f 364/1093/274 363/1094/274 367/1095/274 368/1096/274
f 363/1097/275 361/1098/275 365/1099/275 367/1100/275
f 366/1101/276 362/1102/276 364/1103/276 368/1104/276
f 370/1105/277 369/1106/277 371/1107/277 372/1108/277
f 375/1109/278 373/1110/278 374/1111/278 376/1112/278
f 373/1113/279 369/1114/279 370/1115/279 374/1116/279
f 372/1117/280 371/1118/280 375/1119/280 376/1120/280
f 371/1121/281 369/1122/281 373/1123/281 375/1124/281
f 374/1125/282 370/1126/282 372/1127/282 376/1128/282
f 378/1129/283 377/1130/283 379/1131/283 380/1132/283
f 383/1133/284 381/1134/284 382/1135/284 384/1136/284
f 381/1137/285 377/1138/285 378/1139/285 382/1140/285
f 380/1141/286 379/1142/286 383/1143/286 384/1144/286
f 379/1145/287 377/1146/287 381/1147/287 383/1148/287
f 382/1149/288 378/1150/288 380/1151/288 384/1152/288
f 386/1153/289 385/1154/289 387/1155/289 388/1156/289
f 391/1157/290 389/1158/290 390/1159/290 392/1160/290
f 389/1161/291 385/1162/291 386/1163/291 390/1164/291
f 388/1165/292 387/1166/292 391/1167/292 392/1168/292
f 387/1169/293 385/1170/293 389/1171/293 391/1172/293
f 390/1173/294 386/1174/294 388/1175/294 392/1176/294
f 394/1177/295 393/1178/295 395/1179/295 396/1180/295
f 399/1181/296 397/1182/296 398/1183/296 400/1184/296
f 397/1185/297 393/1186/297 394/1187/297 398/1188/297
f 396/1189/298 395/1190/298 399/1191/298 400/1192/298
f 395/1193/299 393/1194/299 397/1195/299 399/1196/299
f 398/1197/300 394/1198/300 396/1199/300 400/1200/300
f 402/1201/301 401/1202/301 403/1203/301 404/1204/301
f 407/1205/302 405/1206/302 406/1207/302 408/1208/302
f 405/1209/303 401/1210/303 402/1211/303 406/1212/303
f 404/1213/304 403/1214/304 407/1215/304 408/1216/304
f 403/1217/305 401/1218/305 405/1219/305 407/1220/305
f 406/1221/306 402/1222/306 404/1223/306 408/1224/306
f 410/1225/307 409/1226/307 411/1227/307 412/1228/307
f 415/1229/308 413/1230/308 414/1231/308 416/1232/308
f 413/1233/309 409/1234/309 410/1235/309 414/1236/309
f 412/1237/310 411/1238/310 415/1239/310 416/1240/310
f 411/1241/311 409/1242/311 413/1243/311 415/1244/311
f 414/1245/312 410/1246/312 412/1247/312 416/1248/312
f 418/1249/313 417/1250/313 419/1251/313 420/1252/313
f 423/1253/314 421/1254/314 422/1255/314 424/1256/314
f 421/1257/315 417/1258/315 418/1259/315 422/1260/315
f 420/1261/316 419/1262/316 423/1263/316 424/1264/316
f 419/1265/317 417/1266/317 421/1267/317 423/1268/317
f 422/1269/318 418/1270/318 420/1271/318 424/1272/318
f 426/1273/319 425/1274/319 427/1275/319 428/1276/319
f 431/1277/320 429/1278/320 430/1279/320 432/1280/320
f 429/1281/321 425/1282/321 426/1283/321 430/1284/321
f 428/1285/322 427/1286/322 431/1287/322 432/1288/322
f 427/1289/323 425/1290/323 429/1291/323 431/1292/323
f 430/1293/324 426/1294/324 428/1295/324 432/1296/324
f 434/1297/325 433/1298/325 435/1299/325 436/1300/325
f 439/1301/326 437/1302/326 438/1303/326 440/1304/326
f 437/1305/327 433/1306/327 434/1307/327 438/1308/327
f 436/1309/328 435/1310/328 439/1311/328 440/1312/328
f 435/1313/329 433/1314/329 437/1315/329 439/1316/329
f 438/1317/330 434/1318/330 436/1319/330 440/1320/330
f 442/1321/331 441/1322/331 443/1323/331 444/1324/331
f 447/1325/332 445/1326/332 446/1327/332 448/1328/332
f 445/1329/333 441/1330/333 442/1331/333 446/1332/333
f 444/1333/334 443/1334/334 447/1335/334 448/1336/334
f 443/1337/335 441/1338/335 445/1339/335 447/1340/335
f 446/1341/336 442/1342/336 444/1343/336 448/1344/336
f 450/1345/337 449/1346/337 451/1347/337 452/1348/337
f 455/1349/338 453/1350/338 454/1351/338 456/1352/338
f 453/1353/339 449/1354/339 450/1355/339 454/1356/339
f 452/1357/340 451/1358/340 455/1359/340 456/1360/340
f 451/1361/341 449/1362/341 453/1363/341 455/1364/341
f 454/1365/342 450/1366/342 452/1367/342 456/1368/342
f 458/1369/343 457/1370/343 459/1371/343 460/1372/343
f 463/1373/344 461/1374/344 462/1375/344 464/1376/344
f 461/1377/345 457/1378/345 458/1379/345 462/1380/345
f 460/1381/346 459/1382/346 463/1383/346 464/1384/346
f 459/1385/347 457/1386/347 461/1387/347 463/1388/347
f 462/1389/348 458/1390/348 460/1391/348 464/1392/348
f 466/1393/349 465/1394/349 467/1395/349 468/1396/349
f 471/1397/350 469/1398/350 470/1399/350 472/1400/350
f 469/1401/351 465/1402/351 466/1403/351 470/1404/351
f 468/1405/352 467/1406/352 471/1407/352 472/1408/352
f 467/1409/353 465/1410/353 469/1411/353 471/1412/353
f 470/1413/354 466/1414/354 468/1415/354 472/1416/354
f 474/1417/355 473/1418/355 475/1419/355 476/1420/355
f 479/1421/356 477/1422/356 478/1423/356 480/1424/356
f 477/1425/357 473/1426/357 474/1427/357 478/1428/357
f 476/1429/358 475/1430/358 479/1431/358 480/1432/358
f 475/1433/359 473/1434/359 477/1435/359 479/1436/359
f 478/1437/360 474/1438/360 476/1439/360 480/1440/360
f 482/1441/361 481/1442/361 483/1443/361 484/1444/361
f 487/1445/362 485/1446/362 486/1447/362 488/1448/362
f 485/1449/363 481/1450/363 482/1451/363 486/1452/363
f 484/1453/364 483/1454/364 487/1455/364 488/1456/364
f 483/1457/365 481/1458/365 485/1459/365 487/1460/365
f 486/1461/366 482/1462/366 484/1463/366 488/1464/366
f 490/1465/367 489/1466/367 491/1467/367 492/1468/367
f 495/1469/368 493/1470/368 494/1471/368 496/1472/368
f 493/1473/369 489/1474/369 490/1475/369 494/1476/369
f 492/1477/370 491/1478/370 495/1479/370 496/1480/370
f 491/1481/371 489/1482/371 493/1483/371 495/1484/371
f 494/1485/372 490/1486/372 492/1487/372 496/1488/372
f 498/1489/373 497/1490/373 499/1491/373 500/1492/373
f 503/1493/374 501/1494/374 502/1495/374 504/1496/374
f 501/1497/375 497/1498/375 498/1499/375 502/1500/375
f 500/1501/376 499/1502/376 503/1503/376 504/1504/376
f 499/1505/377 497/1506/377 501/1507/377 503/1508/377
f 502/1509/378 498/1510/378 500/1511/378 504/1512/378
f 506/1513/379 505/1514/379 507/1515/379 508/1516/379
f 511/1517/380 509/1518/380 510/1519/380 512/1520/380
f 509/1521/381 505/1522/381 506/1523/381 510/1524/381
f 508/1525/382 507/1526/382 511/1527/382 512/1528/382
f 507/1529/383 505/1530/383 509/1531/383 511/1532/383
f 510/1533/384 506/1534/384 508/1535/384 512/1536/384
f 514/1537/385 513/1538/385 515/1539/385 516/1540/385
f 519/1541/386 517/1542/386 518/1543/386 520/1544/386
f 517/1545/387 513/1546/387 514/1547/387 518/1548/387
f 516/1549/388 515/1550/388 519/1551/388 520/1552/388
f 515/1553/389 513/1554/389 517/1555/389 519/1556/389
f 518/1557/390 514/1558/390 516/1559/390 520/1560/390
f 522/1561/391 521/1562/391 523/1563/391 524/1564/391
f 527/1565/392 525/1566/392 526/1567/392 528/1568/392
f 525/1569/393 521/1570/393 522/1571/393 526/1572/393
f 524/1573/394 523/1574/394 527/1575/394 528/1576/394
f 523/1577/395 521/1578/395 525/1579/395 527/1580/395
f 526/1581/396 522/1582/396 524/1583/396 528/1584/396
f 530/1585/397 529/1586/397 531/1587/397 532/1588/397
f 535/1589/398 533/1590/398 534/1591/398 536/1592/398
f 533/1593/399 529/1594/399 530/1595/399 534/1596/399
f 532/1597/400 531/1598/400 535/1599/400 536/1600/400
f 531/1601/401 529/1602/401 533/1603/401 535/1604/401
f 534/1605/402 530/1606/402 532/1607/402 536/1608/402
f 538/1609/403 537/1610/403 539/1611/403 540/1612/403
f 543/1613/404 541/1614/404 542/1615/404 544/1616/404
f 541/1617/405 537/1618/405 538/1619/405 542/1620/405
f 540/1621/406 539/1622/406 543/1623/406 544/1624/406
f 539/1625/407 537/1626/407 541/1627/407 543/1628/407
f 542/1629/408 538/1630/408 540/1631/408 544/1632/408
f 546/1633/409 545/1634/409 547/1635/409 548/1636/409
f 551/1637/410 549/1638/410 550/1639/410 552/1640/410
f 549/1641/411 545/1642/411 546/1643/411 550/1644/411
f 548/1645/412 547/1646/412 551/1647/412 552/1648/412
f 547/1649/413 545/1650/413 549/1651/413 551/1652/413
f 550/1653/414 546/1654/414 548/1655/414 552/1656/414
f 554/1657/415 553/1658/415 555/1659/415 556/1660/415
f 559/1661/416 557/1662/416 558/1663/416 560/1664/416
f 557/1665/417 553/1666/417 554/1667/417 558/1668/417
f 556/1669/418 555/1670/418 559/1671/418 560/1672/418
f 555/1673/419 553/1674/419 557/1675/419 559/1676/419
f 558/1677/420 554/1678/420 556/1679/420 560/1680/420
f 562/1681/421 561/1682/421 563/1683/421 564/1684/421
f 567/1685/422 565/1686/422 566/1687/422 568/1688/422
f 565/1689/423 561/1690/423 562/1691/423 566/1692/423
f 564/1693/424 563/1694/424 567/1695/424 568/1696/424
f 563/1697/425 561/1698/425 565/1699/425 567/1700/425
f 566/1701/426 562/1702/426 564/1703/426 568/1704/426
f 570/1705/427 569/1706/427 571/1707/427 572/1708/427
f 575/1709/428 573/1710/428 574/1711/428 576/1712/428
f 573/1713/429 569/1714/429 570/1715/429 574/1716/429
f 572/1717/430 571/1718/430 575/1719/430 576/1720/430
f 571/1721/431 569/1722/431 573/1723/431 575/1724/431
f 574/1725/432 570/1726/432 572/1727/432 576/1728/432
f 578/1729/433 577/1730/433 579/1731/433 580/1732/433
f 583/1733/434 581/1734/434 582/1735/434 584/1736/434
f 581/1737/435 577/1738/435 578/1739/435 582/1740/435
f 580/1741/436 579/1742/436 583/1743/436 584/1744/436
f 579/1745/437 577/1746/437 581/1747/437 583/1748/437
f 582/1749/438 578/1750/438 580/1751/438 584/1752/438
f 586/1753/439 585/1754/439 587/1755/439 588/1756/439
f 591/1757/440 589/1758/440 590/1759/440 592/1760/440
f 589/1761/441 585/1762/441 586/1763/441 590/1764/441
f 588/1765/442 587/1766/442 591/1767/442 592/1768/442
f 587/1769/443 585/1770/443 589/1771/443 591/1772/443
f 590/1773/444 586/1774/444 588/1775/444 592/1776/444
f 594/1777/445 593/1778/445 595/1779/445 596/1780/445
f 599/1781/446 597/1782/446 598/1783/446 600/1784/446
f 597/1785/447 593/1786/447 594/1787/447 598/1788/447
f 596/1789/448 595/1790/448 599/1791/448 600/1792/448
f 595/1793/449 593/1794/449 597/1795/449 599/1796/449
f 598/1797/450 594/1798/450 596/1799/450 600/1800/450
f 602/1801/451 601/1802/451 603/1803/451 604/1804/451
f 607/1805/452 605/1806/452 606/1807/452 608/1808/452
f 605/1809/453 601/1810/453 602/1811/453 606/1812/453
f 604/1813/454 603/1814/454 607/1815/454 608/1816/454
f 603/1817/455 601/1818/455 605/1819/455 607/1820/455
f 606/1821/456 602/1822/456 604/1823/456 608/1824/456
f 610/1825/457 609/1826/457 611/1827/457 612/1828/457
f 615/1829/458 613/1830/458 614/1831/458 616/1832/458
f 613/1833/459 609/1834/459 610/1835/459 614/1836/459
f 612/1837/460 611/1838/460 615/1839/460 616/1840/460
f 611/1841/461 609/1842/461 613/1843/461 615/1844/461
f 614/1845/462 610/1846/462 612/1847/462 616/1848/462
f 618/1849/463 617/1850/463 619/1851/463 620/1852/463
f 623/1853/464 621/1854/464 622/1855/464 624/1856/464
f 621/1857/465 617/1858/465 618/1859/465 622/1860/465
f 620/1861/466 619/1862/466 623/1863/466 624/1864/466
f 619/1865/467 617/1866/467 621/1867/467 623/1868/467
f 622/1869/468 618/1870/468 620/1871/468 624/1872/468
f 626/1873/469 625/1874/469 627/1875/469 628/1876/469
f 631/1877/470 629/1878/470 630/1879/470 632/1880/470
f 629/1881/471 625/1882/471 626/1883/471 630/1884/471
f 628/1885/472 627/1886/472 631/1887/472 632/1888/472
f 627/1889/473 625/1890/473 629/1891/473 631/1892/473
f 630/1893/474 626/1894/474 628/1895/474 632/1896/474
f 634/1897/475 633/1898/475 635/1899/475 636/1900/475
f 639/1901/476 637/1902/476 638/1903/476 640/1904/476
f 637/1905/477 633/1906/477 634/1907/477 638/1908/477
f 636/1909/478 635/1910/478 639/1911/478 640/1912/478
f 635/1913/479 633/1914/479 637/1915/479 639/1916/479
f 638/1917/480 634/1918/480 636/1919/480 640/1920/480
f 645/1921/481 643/1922/481 641/1923/481
f 643/1924/482 645/1925/482 646/1926/482 644/1927/482
f 644/1928/483 646/1929/483 642/1930/483
f 647/1931/484 645/1932/484 641/1933/484
f 645/1934/485 647/1935/485 648/1936/485 646/1937/485
f 646/1938/486 648/1939/486 642/1940/486
f 649/1941/487 647/1942/487 641/1943/487
f 647/1944/488 649/1945/488 650/1946/488 648/1947/488
f 648/1948/489 650/1949/489 642/1950/489
f 651/1951/490 649/1952/490 641/1953/490
f 649/1954/491 651/1955/491 652/1956/491 650/1957/491
f 650/1958/492 652/1959/492 642/1960/492
f 653/1961/493 651/1962/493 641/1963/493
f 651/1964/494 653/1965/494 654/1966/494 652/1967/494
f 652/1968/495 654/1969/495 642/1970/495
f 655/1971/496 653/1972/496 641/1973/496
f 653/1974/497 655/1975/497 656/1976/497 654/1977/497
f 654/1978/498 656/1979/498 642/1980/498
f 657/1981/499 655/1982/499 641/1983/499
f 655/1984/500 657/1985/500 658/1986/500 656/1987/500
f 656/1988/501 658/1989/501 642/1990/501
f 659/1991/502 657/1992/502 641/1993/502
f 657/1994/503 659/1995/503 660/1996/503 658/1997/503
f 658/1998/504 660/1999/504 642/2000/504
f 661/2001/505 659/2002/505 641/2003/505
f 659/2004/506 661/2005/506 662/2006/506 660/2007/506
f 660/2008/507 662/2009/507 642/2010/507
f 663/2011/508 661/2012/508 641/2013/508
f 661/2014/509 663/2015/509 664/2016/509 662/2017/509
f 662/2018/510 664/2019/510 642/2020/510
f 665/2021/511 663/2022/511 641/2023/511
f 663/2024/512 665/2025/512 666/2026/512 664/2027/512
f 664/2028/513 666/2029/513 642/2030/513
f 643/2031/514 665/2032/514 641/2033/514
f 665/2034/515 643/2035/515 644/2036/515 666/2037/515
f 666/2038/516 644/2039/516 642/2040/516
f 671/2041/517 669/2042/517 667/2043/517
f 669/2044/518 671/2045/518 672/2046/518 670/2047/518
f 670/2048/519 672/2049/519 668/2050/519
f 673/2051/520 671/2052/520 667/2053/520
f 671/2054/521 673/2055/521 674/2056/521 672/2057/521
f 672/2058/522 674/2059/522 668/2060/522
f 675/2061/523 673/2062/523 667/2063/523
f 673/2064/524 675/2065/524 676/2066/524 674/2067/524
f 674/2068/525 676/2069/525 668/2070/525
f 677/2071/526 675/2072/526 667/2073/526
f 675/2074/527 677/2075/527 678/2076/527 676/2077/527
f 676/2078/528 678/2079/528 668/2080/528
f 679/2081/529 677/2082/529 667/2083/529
f 677/2084/530 679/2085/530 680/2086/530 678/2087/530
f 678/2088/531 680/2089/531 668/2090/531
f 681/2091/532 679/2092/532 667/2093/532
f 679/2094/533 681/2095/533 682/2096/533 680/2097/533
f 680/2098/534 682/2099/534 668/2100/534
f 683/2101/535 681/2102/535 667/2103/535
f 681/2104/536 683/2105/536 684/2106/536 682/2107/536
f 682/2108/537 684/2109/537 668/2110/537
f 685/2111/538 683/2112/538 667/2113/538
f 683/2114/539 685/2115/539 686/2116/539 684/2117/539
f 684/2118/540 686/2119/540 668/2120/540
f 687/2121/541 685/2122/541 667/2123/541
f 685/2124/542 687/2125/542 688/2126/542 686/2127/542
f 686/2128/543 688/2129/543 668/2130/543
f 689/2131/544 687/2132/544 667/2133/544
f 687/2134/545 689/2135/545 690/2136/545 688/2137/545
f 688/2138/546 690/2139/546 668/2140/546
f 691/2141/547 689/2142/547 667/2143/547
f 689/2144/548 691/2145/548 692/2146/548 690/2147/548
f 690/2148/549 692/2149/549 668/2150/549
f 669/2151/550 691/2152/550 667/2153/550
f 691/2154/551 669/2155/551 670/2156/551 692/2157/551
f 692/2158/552 670/2159/552 668/2160/552
f 697/2161/553 695/2162/553 693/2163/553
f 695/2164/554 697/2165/554 698/2166/554 696/2167/554
f 696/2168/555 698/2169/555 694/2170/555
f 699/2171/556 697/2172/556 693/2173/556
f 697/2174/557 699/2175/557 700/2176/557 698/2177/557
f 698/2178/558 700/2179/558 694/2180/558
f 701/2181/559 699/2182/559 693/2183/559
f 699/2184/560 701/2185/560 702/2186/560 700/2187/560
f 700/2188/561 702/2189/561 694/2190/561
f 703/2191/562 701/2192/562 693/2193/562
f 701/2194/563 703/2195/563 704/2196/563 702/2197/563
f 702/2198/564 704/2199/564 694/2200/564
f 705/2201/565 703/2202/565 693/2203/565
f 703/2204/566 705/2205/566 706/2206/566 704/2207/566
f 704/2208/567 706/2209/567 694/2210/567
f 707/2211/568 705/2212/568 693/2213/568
f 705/2214/569 707/2215/569 708/2216/569 706/2217/569
f 706/2218/570 708/2219/570 694/2220/570
f 709/2221/571 707/2222/571 693/2223/571
f 707/2224/572 709/2225/572 710/2226/572 708/2227/572
f 708/2228/573 710/2229/573 694/2230/573
f 711/2231/574 709/2232/574 693/2233/574
f 709/2234/575 711/2235/575 712/2236/575 710/2237/575
f 710/2238/576 712/2239/576 694/2240/576
f 713/2241/577 711/2242/577 693/2243/577
f 711/2244/578 713/2245/578 714/2246/578 712/2247/578
f 712/2248/579 714/2249/579 694/2250/579
f 715/2251/580 713/2252/580 693/2253/580
f 713/2254/581 715/2255/581 716/2256/581 714/2257/581
f 714/2258/582 716/2259/582 694/2260/582
f 717/2261/583 715/2262/583 693/2263/583
f 715/2264/584 717/2265/584 718/2266/584 716/2267/584
f 716/2268/585 718/2269/585 694/2270/585
f 695/2271/586 717/2272/586 693/2273/586
f 717/2274/587 695/2275/587 696/2276/587 718/2277/587
f 718/2278/588 696/2279/588 694/2280/588
f 723/2281/589 721/2282/589 719/2283/589
f 721/2284/590 723/2285/590 724/2286/590 722/2287/590
f 722/2288/591 724/2289/591 720/2290/591
f 725/2291/592 723/2292/592 719/2293/592
f 723/2294/593 725/2295/593 726/2296/593 724/2297/593
f 724/2298/594 726/2299/594 720/2300/594
f 727/2301/595 725/2302/595 719/2303/595
f 725/2304/596 727/2305/596 728/2306/596 726/2307/596
f 726/2308/597 728/2309/597 720/2310/597
f 729/2311/598 727/2312/598 719/2313/598
f 727/2314/599 729/2315/599 730/2316/599 728/2317/599
f 728/2318/600 730/2319/600 720/2320/600
f 731/2321/601 729/2322/601 719/2323/601
f 729/2324/602 731/2325/602 732/2326/602 730/2327/602
f 730/2328/603 732/2329/603 720/2330/603
f 733/2331/604 731/2332/604 719/2333/604
f 731/2334/605 733/2335/605 734/2336/605 732/2337/605
f 732/2338/606 734/2339/606 720/2340/606
f 735/2341/607 733/2342/607 719/2343/607
f 733/2344/608 735/2345/608 736/2346/608 734/2347/608
f 734/2348/609 736/2349/609 720/2350/609
f 737/2351/610 735/2352/610 719/2353/610
f 735/2354/611 737/2355/611 738/2356/611 736/2357/611
f 736/2358/612 738/2359/612 720/2360/612
f 739/2361/613 737/2362/613 719/2363/613
f 737/2364/614 739/2365/614 740/2366/614 738/2367/614
f 738/2368/615 740/2369/615 720/2370/615
f 741/2371/616 739/2372/616 719/2373/616
f 739/2374/617 741/2375/617 742/2376/617 740/2377/617
f 740/2378/618 742/2379/618 720/2380/618
f 743/2381/619 741/2382/619 719/2383/619
f 741/2384/620 743/2385/620 744/2386/620 742/2387/620
f 742/2388/621 744/2389/621 720/2390/621
f 721/2391/622 743/2392/622 719/2393/622
f 743/2394/623 721/2395/623 722/2396/623 744/2397/623
f 744/2398/624 722/2399/624 720/2400/624
f 749/2401/625 747/2402/625 745/2403/625
f 747/2404/626 749/2405/626 750/2406/626 748/2407/626
f 748/2408/627 750/2409/627 746/2410/627
f 751/2411/628 749/2412/628 745/2413/628
f 749/2414/629 751/2415/629 752/2416/629 750/2417/629
f 750/2418/630 752/2419/630 746/2420/630
f 753/2421/631 751/2422/631 745/2423/631
f 751/2424/632 753/2425/632 754/2426/632 752/2427/632
f 752/2428/633 754/2429/633 746/2430/633
f 755/2431/634 753/2432/634 745/2433/634
f 753/2434/635 755/2435/635 756/2436/635 754/2437/635
f 754/2438/636 756/2439/636 746/2440/636
f 757/2441/637 755/2442/637 745/2443/637
f 755/2444/638 757/2445/638 758/2446/638 756/2447/638
f 756/2448/639 758/2449/639 746/2450/639
f 759/2451/640 757/2452/640 745/2453/640
f 757/2454/641 759/2455/641 760/2456/641 758/2457/641
f 758/2458/642 760/2459/642 746/2460/642
f 761/2461/643 759/2462/643 745/2463/643
f 759/2464/644 761/2465/644 762/2466/644 760/2467/644
f 760/2468/645 762/2469/645 746/2470/645
f 763/2471/646 761/2472/646 745/2473/646
f 761/2474/647 763/2475/647 764/2476/647 762/2477/647
f 762/2478/648 764/2479/648 746/2480/648
f 765/2481/649 763/2482/649 745/2483/649
f 763/2484/650 765/2485/650 766/2486/650 764/2487/650
f 764/2488/651 766/2489/651 746/2490/651
f 767/2491/652 765/2492/652 745/2493/652
f 765/2494/653 767/2495/653 768/2496/653 766/2497/653
f 766/2498/654 768/2499/654 746/2500/654
f 769/2501/655 767/2502/655 745/2503/655
f 767/2504/656 769/2505/656 770/2506/656 768/2507/656
f 768/2508/657 770/2509/657 746/2510/657
f 747/2511/658 769/2512/658 745/2513/658
f 769/2514/659 747/2515/659 748/2516/659 770/2517/659
f 770/2518/660 748/2519/660 746/2520/660
f 775/2521/661 773/2522/661 771/2523/661
f 773/2524/662 775/2525/662 776/2526/662 774/2527/662
f 774/2528/663 776/2529/663 772/2530/663
f 777/2531/664 775/2532/664 771/2533/664
f 775/2534/665 777/2535/665 778/2536/665 776/2537/665
f 776/2538/666 778/2539/666 772/2540/666
f 779/2541/667 777/2542/667 771/2543/667
f 777/2544/668 779/2545/668 780/2546/668 778/2547/668
f 778/2548/669 780/2549/669 772/2550/669
f 781/2551/670 779/2552/670 771/2553/670
f 779/2554/671 781/2555/671 782/2556/671 780/2557/671
f 780/2558/672 782/2559/672 772/2560/672
f 783/2561/673 781/2562/673 771/2563/673
f 781/2564/674 783/2565/674 784/2566/674 782/2567/674
f 782/2568/675 784/2569/675 772/2570/675
f 785/2571/676 783/2572/676 771/2573/676
f 783/2574/677 785/2575/677 786/2576/677 784/2577/677
f 784/2578/678 786/2579/678 772/2580/678
f 787/2581/679 785/2582/679 771/2583/679
f 785/2584/680 787/2585/680 788/2586/680 786/2587/680
f 786/2588/681 788/2589/681 772/2590/681
f 789/2591/682 787/2592/682 771/2593/682
f 787/2594/683 789/2595/683 790/2596/683 788/2597/683
f 788/2598/684 790/2599/684 772/2600/684
f 791/2601/685 789/2602/685 771/2603/685
f 789/2604/686 791/2605/686 792/2606/686 790/2607/686
f 790/2608/687 792/2609/687 772/2610/687
f 793/2611/688 791/2612/688 771/2613/688
f 791/2614/689 793/2615/689 794/2616/689 792/2617/689
f 792/2618/690 794/2619/690 772/2620/690
f 795/2621/691 793/2622/691 771/2623/691
f 793/2624/692 795/2625/692 796/2626/692 794/2627/692
f 794/2628/693 796/2629/693 772/2630/693
f 773/2631/694 795/2632/694 771/2633/694
f 795/2634/695 773/2635/695 774/2636/695 796/2637/695
f 796/2638/696 774/2639/696 772/2640/696